Автор ='-Validity-', Название ='Новая тюрьма', Рецензия ='Начав серьёзно интересоваться киноиндустрией, я впервые открыл для себя КиноПоиск. Изучив сайт, мне сильно приглянулся рейтинг Top250. Просмотрев список лучших фильмов по версии пользователей, я осознал, что видел лишь малую долю из них. Начав с чистого листа я, конечно же, решил посмотреть Побег из Шоушенка/The Shawshank Redemption (1994 года). Фильм настолько поразил меня, что я сразу же, без всяких колебаний, признал его лучшим для себя. Даже от титров оторваться не мог. Прошло полтора года. За это время я посмотрел огромное количество фильмов, как хороших, так и плохих. Снова посмотрел Побег из Шоушенка, и только теперь я с уверенностью могу сказать, что этот фильм не самый лучший в истории кинематографа, и далеко не идеальный как многие пишут. И вот почему: -1844-45 года. Приключенческий роман «Граф Монте-Кристо», в котором побег совершался с помощью прорытия туннеля. Не раз был экранизирован. Упоминается даже в самом фильме. -1963 год. На экраны выходит фильм Большой Побег/The Great Escape, в котором военнопленные также сбегают с помощью туннеля, выбрасывая остатки земли через штаны прямо в лагере. (Основан на реальных событиях). -1967 год. Фильм Хладнокровный Люк/Cool Hand Luke, в котором главный герой несколько раз удачно сбегает с лагеря разными способами. -1973 год. Фильм Мотылёк/Papillon, в котором главные герои пытаются сбежать с острова, не сдаваясь до последнего. -1975 год. Фильм Пролетая над гнездом кукушки/One Flew Over the Cuckoo's Nest, в котором главный герой пытается сбежать из психбольницы. -1978 год. Фильм Полуночный экспресс/Midnight Express, в котором американский гражданин сбегает из Стамбульской тюрьмы. (Основан на реальных событиях). -1979 год. Фильм Побег из Алькатраса/Escape from Alcatraz, в котором главный герой вместе со своими сокамерниками сбегает из самой надёжной тюрьмы в мире. (Основан на реальных событиях). -1982 год. Опубликовывают повесть Стивена Кинга «Рита Хейуорт и спасение из Шоушенка/Rita Hayworth and Shawshank Redemption». По которому и был снят этот фильм. Чем же отличается Шоушенк от вышеперечисленных? 1) Он моложе больше чем на 15 лет (вероятно, поэтому более популярен среди современных зрителей). Ведь рейтинг IMDb открылся в 1996, в самый рассвет фильма. Рейтинг КиноПоиска открылся в 2007, и в нём Шоушенк не был первым сразу, но чем больше людей голосовало, тем выше он подымался в списке. Большая часть голосующих это люди до 25 лет, которые не видели столько же фильмов, сколько видели уже разбирающиеся в кино люди за 40 (которые по статистике ставят оценки гораздо ниже, доверяя своему опыту), но с продвижением интернета это стало поправимо. И теперь молодёжь атакуют фильмы один за другим (будучи ещё не самыми опытными в этом деле) и ставя высокие оценки всем фильмам подряд. 2) В отличие от предшественников Шоушенка, у Кинга было достаточно много интересного материала, который он позаимствовал у них же. С помощью которого и создал своё творение, добавив от себя множество интересных моментов, и то, чем так славится Побег из Шоушенка - неожиданный поворот в сценарии, а именно побег. Ведь если в предшествующих фильмах нам намекали на то, что побег состоится в любом случае, то в Шоушенке главный герой так и не дал раскрыть свой план до того самого побега. Идеальный фильм ещё не сняли, и возможно никогда не снимут. Если выбирать среди лучших, то Шоушенк вряд ли займёт первое место, проиграв тому же мальчику с синдромом саванта Форресту Гампу, который увёл у Кинга и Дарабонта Оскар за лучший адаптированный сценарий того года, считаю вполне заслуженно. 8 из 10', Оценка =BAD
Автор ='Валерия Смирнова', Название ='Любимый фильм миллионов, далёкий от идеала', Рецензия ='Итак, я всё же решила написать отрицательную рецензию на этот фильм, понимая, что большинство людей категорически со мной не согласятся и сочтут меня 'человеком не понимающим и бестолковым', но тем ни менее, желание высказаться по поводу 'Побега иш Шоушенка' зародилось в моей голове уже давно. Начнём с того, что меня больше всего интересует: почему и каким образом кино Фрэнка Дарабонта оказалось на первом месте в Топе250 Кинопоиска? С этим я никак не могу смириться, ибо считаю, что фильмов куда достойнее 'Шоушенка' достаточно много, на мой взгляд. Пожалуй, на социум действует, всем изестное, 'стадное чувство', которое, в данном случае, гласит: 'Если рейтинг большой, если отзывов в зелёном цвете прилично, если людям нравится, то и я чем хуже?'. Вот и получается, что публика, грубо говоря, автоматом ставит 10 и отправляет эту кинокартину в список своих любимых. Ну а какой в этом смысл? Несомненно, 'Побег из Шоушенка' - отличнейший фильм, он мне нравится. НО... на звание наилучшего из лучших это кино не годится, увы. Как ни крути, 'Шоушенк' скучноват, местами затянут, и даже, признаюсь, бывало желание заняться чем-нибудь посторонним при просмотре. Одна радость - любимый, несравненный Морган Фриман, который своей игрой скрасил моё впечателние и порадовал - как всегда, в принципе. Заключение: фильм хорош, но недостаточно. А может просто меня не зацепил? - не знаю. Но 'Побег из Шоушенка' посмотреть, думаю, стоит каждому, поучительное кино. Моя оценка: 7,5 из 10', Оценка =BAD
Автор ='la flamme', Название ='Хороший, но явно перехваленный фильм', Рецензия ='Если оценивать по шкале 'плохо- средне - хорошо - отлично', то фильм хороший, но рецензию сделаю красной, так как меня удивляет ажиотаж вокруг этого фильма. Самый-пресамый? Заоблачные рейтинги? Хвалебные отзывы с пафосными словами о стремлении к свободе? И за что же всё это? За добротно сделанную сказочку по произведению знаменитого писателя, заставляющего вспомнить не менее знаменитого графа Монте-Кристо. Фильм идет где-то практически дословно по тексту, а где-то 'подправлено'. Причем внесены изменения, существенно влияющие на восприятие истории в целом. Да, и весь фильм сильно напоминает старенький 'Побег из Алькатраса'. Считаю, что этот сделан лучше: динамичнее, сильнее цепляет, явной ерунды поменьше, но тот всё же 'торил тропу', его надо знать хотя бы за сам факт. В 'Побеге из Шоушенка' показана чистенькая тюрьма, где зеки то работают, то книжки читают, то не спеша философствуют во дворе. Нет, ужасы есть, по нервам зрителей постучали, но с ними герою удаётся справиться, полностью изменив своё положение. Как-то не слишком верится во всё это. Ещё меня удивляет политкорректность, доходящая почти до абсурда. Мы читали и слышали, что в те годы в Америке были сильные притеснения по цвету кожи, а разве в тюрьмах было иначе? Морган Фримен сыграл тут мудрого, всеми уважаемого человека с большими возможностями, который переживает за друга больше, чем за себя ('Это была самая длинная ночь в моей жизни.'). Я против него ничего не имею, но не чересчур ли постарались? Этот фильм не заставляет меня переживать так, чтобы хотелось хвалить. И ещё: действительно, почему фильм о побеге из тюрьмы должен стоять на самой верхушке? Ведь самая страшная тюрьма у каждого внутри, и из неё вырваться не менее трудно. В ранней молодости стараемся, рвёмся, потом привыкаем. И так и живём... Концовка мне не понравилась совсем, поэтому выше поставить никак не могу. Всем советую обратить внимание на фильм 'Мотылёк', меня он впечатляет уже не в первый раз несравненно больше. 7.5 из 10', Оценка =BAD
Автор ='Arabeska', Название ='', Рецензия ='Многие годы откладывания просмотра данного фильма в силу его славы и особенности оказались напрасными. Все могло закончиться куда быстрее. Итак, это американский фильм, который возглавляет топ-250. Начинается все с того, что скромный, интеллигентный подозреваемый-банкир с подачи улик и мотивов метит на роль жестокого убийцы. Судья не преминул публично ужаснуться хладнокровности и беспощадности внешне забитого и напрочь растерянного Дюфрена. Сам судебный процесс, и рвение общества затолкать таки героя на пожизненное столь поверхностны, что как минимум вызывают недоумение. Ну, понятно, конечно, что социум, законы и порядки были иными. И понятно, что повествование с ног сбивалось добежать до точки отсчета истории - к тюрьме. И вот перед нами она, американская тюрьма. Мои попытки разглядеть в персонажах злостных нарушителей закона и душегубцев не увенчались успехом. Обитатели камер какие-то добрые и воспитанные. А где, собственно, заключенные? Пусть и половина там отсиживает свой срок без вины, но отсидка должна была наложить свой черный, давящий отпечаток. Припомнился советский фильм 'Беспредел' 1989 года - вот где преступники от мала до велика, жертвы судебной власти, места лишения свободы, надзиратели и директора, перешагнувшие границы человечности. В 'Побеге' даже персонаж Марка Ролстона (Багс из 'сестричек') не вызывал ни страха, ни отвращения. Он американский шаблон отъявленного мерзавца. Кому сказать спасибо за то, что Багс мне показался (кошмар!) довольно милым, а позже его даже жаль слегка было?! Меня до сих пор передергивает от героя Гармаша из просмотренного много лет назад 'Беспредела'. А эти альтруистичные поступки с пивом и библиотечные проекты. До чего ж мила была благодарность заключенных за отпитое пойло, до чего мило их приобщение к миру искусства, грамоте. Серьезно? Сколько пафоса, господа. Это фильм о жестокой несправедливости, социальном равнодушии, о тюрьме с претензией на драму? Здесь все, абсолютно все пропитано американским представлением о жизни, американской мечтой. Даже все успехи, достижения Дюфрена здесь предстают американской мечтой... в тюремных стенах. Не говоря уже о мелочах на вроде того, что персонаж неделю торчит в карцере, а его щетина на лице отросла лишь до размеров трехдневной. Глядя на прическу Дюфрена, ждала когда ж его побреют уже. И не только его. Осталось непонятным как Энди создал несуществующего человека, на чей счет верной рекой текли государственные деньги. И почему заключённые с пожизненным свободно пересекаются с мелкими воришками. Знаете, все так не по-настоящему, не до глубины и не цепляет. Ни сострадания, ни жалости. Смотря тот же 'Беспредел' я слез не могла остановить. В актерском составе выделяются лишь Фриман (Ред) и Роббинс, что естественно. Сыграли хорошо то, что им нужно было сыграть. Примитивность многих диалогов и изречений от имени Реда никакой отличной игрой бы не поправилась. Даром что Фриман как обычно мудрый с понимающим, немного смеющимся взглядом. Финал картины- всякие возмездия и счастливый конец, и все это тоже до неприличия по-американски. Все вышеизложенное не несет в себе цель очернить настолько любимый массами фильм. Это лишь часть бросившегося в глаза на фоне того, что фильм бьет все рекорды народной любви. Несомненно, изложенная Кингом и режиссером история интересна. Только на чем она основана и чем подкреплена? И почему так возвышена?Жизнь несправедлива? Да, и не вчера такой стала. Борись, включи мозги и побеждай? Но Дюфрен не победитель, он беглец. И вор. Система не сломлена, она даже не пошатнулась. Несправедливо осужденные будут пополнять ряды заключенных, на пост прежнего проворовавшегося директора придет новый. 'Побег из Шоушенка' в какой-то степени, все-таки, шедеврален. Тем, что не поддается пересмотру в своем статусе. Но это не лучший фильм. Он великолепен на фоне фильмов с Шварценеггером и Сталлоне, и, увы, сегодня оценивается устаревшими методами. Он не драматичен настолько, насколько должен быть, не берет за нутро настолько, насколько был способен, не вскрывает гнойники общества. В фильме многое утрировано, остальное преуменьшено. Нет никакой необходимости пересматривать фильм. Это слишком американский фильм, слишком не душевный и неправдоподобный. А топ250 весьма относителен. 5 из 10', Оценка =BAD
Автор ='Meetnik', Название ='Фильм про гнилую систему правосудия и везучего главного героя - лучший фильм всех народов?', Рецензия ='Вот если откровенно размышлять, то лучше пересмотреть 'Джентльменов удачи' при такой острой потребности в тюремной романтике. Хотя романтики там особой нет. В фильме же показана какая-то наивная атмосфера пионерского лагеря с лишь парой трагедий. А ведь это конец 40-х - эпоха, когда только-только закончилась Великая депрессия, отгремела Вторая Мировая и тут показывают ну очень добрых зэков для такого тяжёлого периода... Верится с трудом. Фильм открывается жаркой изменой жены главного героя, что уже вызывает сомнения в пристойном фильме для звания 'Лучшего всех времён и народов'. Уже из-за этого смотреть целиком фильм просто невыносимо. Видим тяжёлый запой главного персонажа, который задумал недоброе и не смог просто отпустить уже чужого человека. Но фильм в оригинале называется 'Искупление Шоушенка' и поэтому герой за такие преступные помыслы отправляется искупляться. А дальше зрителей ждёт типичный персонаж себе на уме, который имеет способность потрясающе выкручиваться из разных передряг. И знакомства себе завёл, благодаря банковским познаниям и даже вполне здравствует, несмотря на не очень приятные дни в изоляторе. Есть похожий фильм с Кевином Бейконом примерно про тот же период, где персонаж фильма был буквально сломлен за какие-то несколько долларов и попытку побега. Тут же у нас просто трудовой лагерь из под пера великого Стивена Кинга. Сегодня же, изучая моменты XX века и особо жёсткое начало столетия, начинаешь смотреть данный фильм с недоумением от потрясающей везучести главного героя. После этого как-то нелепо уже осознавать название в виде 'Искупления'. Даже тюремный фильм со Сталлоне был более жёстким в плане отсиживания срока и знакомства с тамошними надзирателями. И положа руку на сердце, хотелось бы видеть такие вполне человечные диалоги не в тюремном окружении, а хотя бы в тех же временных рамках с пребыванием персонажей на воле. Ведь годы Великой Депрессии наложили отпечаток на людей даже вне тюремных стен. Финал же этой ленты поверг в полнейшее недоумение. Особенно с учётом потрясающих люксовых одиночных камер и отсутствию тщательного шмона этих камер со стороны надзирателей. Многие бы наверное из зэков того периода захотели отбывать срок в стенах Шоушенка. Что уж говорить, тут даже библиотека есть и работа не особо пыльная. А травля новичков больше напоминает приколы школьников. Очень странный культ для такого наивного и не совсем правдоподобного фильма. Особенно в российских кругах, где тюрьмы даже близко не такие мягкие вместе с заключёнными...', Оценка =BAD
Автор ='Шишкин Николай', Название ='Динамо бежит? Все бегут …', Рецензия ='Всем добрый день! Очень непросто писать рецензию на фильм, который с момента его создания считается культовым и входит во все «топы». Оценки критиков и зрителей высокие. Сам я смотрел эту картину минимум дважды с промежутком лет в десять. Первое впечатление было исключительно положительным – как же, он же культовый. Но недавно «Побег» снова попался на глаза, решили пересмотреть его всей семьёй. После просмотра был удивлён своим прежним восторгам. Возможно, с возрастом стал критичней. Возможно, благодаря интернету, стала доступней дополнительная информация, позволяющая рассмотреть произведение под разными углами. Что понравилось. Как и прежде, понравилась основная мысль картины – «Никогда не сдаваться». Главный герой остался самим собой в тяжелых для него условиях. Люди могут быть людьми даже там, где всё против этого. Доброта, взаимовыручка и личная стойкость позволяют перенести все тяготы тюремного быта, а если эту фабулу взять шире, то перечисленные качества должны помочь выстоять в любых жизненных ситуациях. Эти моменты понятны и они находятся на поверхности. «Надежда — самая лучшая из вещей. Она никогда не умирает» - главный девиз произведения. С этим также не поспоришь. Теперь уже известно, что Стивен Кинг (именно по его произведению создан фильм), написал повесть под впечатлением романа А. Дюма «Граф Монте-Кристо», а также некоторых картин на тюремную тему. Идеализация уголовного мира в искусстве – не новое веяние. Но с возрастом именно это отталкивает от подобных картин. Возможно «тюремной романтики» слишком много – на экранах, на эстраде, в книгах. Но, ничего общего эта самая романтика с прозой жизни не имеет. Людей, вышедших из тюрьмы и нормально адаптировавшихся в жизни, не много, а вот озлобленных и обиженных на весь белый свет хватает. В «Побеге из Шоушенка» всё настолько идеализировано, что нередко звучат возгласы типа: «Вот мол, какие условия созданы для людей …» или «В их тюрьмах лучше, чем у нас на свободе …». Между тем известно, что выбранную для съёмок американскую тюрьму вынуждены были вначале ремонтировать снаружи, настолько она была в плачевном состоянии. А съёмки «внутри» проводились в построенных павильонах, это оказалось дешевле ремонта самой тюрьмы. И вот перед нами «добрые», забавные люди с искромётным чувством юмора, сидящие десятилетиями за убийства и насилие в одиночных камерах с удобствами. Подсевший к ним случайно банкир сумел выстоять и адаптироваться, благодаря указанным выше качествам. В большинстве положительных отзывах на фильм выделены именно доброта, стойкость, благородство, взаимовыручка и, конечно же – «Надежда». Т. е. то, что делает человека – Человеком. Вот только несчастный банкир отбивался от своих обидчиков один, пока за него не вступилась охрана и то лишь потому, что он был им полезен своими знаниями юриста. А где же доброта и взаимовыручка «коллег» и «братьев»? Если вдуматься, на экране показано насквозь коррумпированное и прогнившее общество, как внутри, так и снаружи тюрьмы. Закон и справедливость, даже в финале картины не торжествуют. Главный герой после красивого побега не кинулся восстанавливать своё честное имя и наказывать виновного, а используя ум, знания и воровские навыки, сумел скрыться и разбогатеть. «Плохиши» потерпели фиаско, но система осталась прежней. Придут новые, более умные и всё будет по-прежнему. Торжество хитрости, ума и изворотливости. Все по праву восхитились сюжетом и игрой актёров, а общество сделало выводы из показанного? Да обществу, похоже, наплевать, раз оно восхищается и рукоплещет красивой картинке и романтике уголовников. Честно жить нынче скучно и не модно? Положительную оценку дать фильму не могу. Теперь уже не могу. Кстати, лет через десять после выхода фильма из одной американской тюрьмы сбежали двое заключённых, используя тот же способ, что и в «Шоушенке». Их взяли очень скоро и они не занимались выращиванием цветочков или воспитанием детишек. Вот, собственно и все уроки. Печально. 5 из 10', Оценка =BAD
Автор ='Sofia Nomad', Название ='Номер 1 в топ-250… и чудовищная экранизация', Рецензия =''Побег из Шоушенка' стал моим знакомством с творчеством Стивена Кинга. Читая роман, я уже знала о существовании экранизации, но решила не забегать вперёд и глянуть на актёров уже после. В итоге 'Шоушенк' я посмотрела случайно - шёл по телевизору в гостинице. Вечер, деваться некуда. И что же я увидела? Энди Дюфрейн\Тим Роббинс. В книге едва ли не на каждой странице упоминается его интеллигентность, приятное лицо, внешняя беззащитность и благородные манеры. Читая, я представляла себе Пола Беттани (типаж вы поняли) - в общем, кого-то в меру аристократичного и выделяющегося из серой массы заключённых. В фильме я увидела тюфяка с мясистыми губами, у которого за двадцать с лишним лет заключения не появилось ни седого волоса, ни морщины. Рэд\Морган Фримен. Без комментариев. Одно слово - политкорректность. И не сходящая с лица улыбка Моны Лизы. Богс Даймонд\ Марк Ролстон - это вообще отдельная песня. В книге довольно подробно описаны сцены с участием этого персонажа, и мне было любопытно посмотреть на их интерпретацию в кино. Ну и где Богс? Где высокий мощный парень с именной бритвой, внушающий страх всему живому? Актёр, который, с позволения сказать, воплотил на экране этот образ, ничего, кроме омерзения, не вызвал. И дело не в том, что мне не понравился актёр, просто это НЕ Богс... О подобных нестыковках с персонажами и сюжетными линиями можно было бы рассуждать бесконечно, но уже эти трое окончательно испортили мне впечатление от экранизации. Так бывает, когда во время чтения успел всё чётко себе обрисовать - потом - бах! - экранизация, бегом смотреть! А там и близко ничего нет от того, что вы там себе напридумывали. Так у меня случилось с 'Шоушенком'. Сюжет тоже не оставили нетронутым - зрителю нужно больше драматизма. Только вот он затерялся гд-то между прачечной и библиотекой Шоушенка. Книгу выпотрошили, сохранив общую фабулу о ценности свободы. Увы, ничего нового или оригинального я из этого фильма так и не почерпнула - отчасти из-за несоответствия ожиданиям. Не понимаю, за что у картины оценка 9. Хотя и насчёт 'Сияния' у меня возникали похожие вопросы, так что, может, мне просто не близок Стивен Кинг. Как всегда, хороша музыка Томаса Ньюмана - узнаётся с первых нот. А так, в целом - довольно длительный и депрессивный гимн свободе от любителя пофилософствовать, Фрэнка Дарабонта. 1 из 10', Оценка =BAD
Автор ='Evgenii GrandMASTER', Название ='Поколению Old School и любителям устаревших жизненных ценностей посвящается, или О том, как снять сказочку из лихих 90-х', Рецензия ='Я всегда говорил, что рейтинг — это довольно субъективная и относительная вещь, на которую никогда не нужно полагаться — даже тогда, когда собираешься посмотреть тот или иной фильм в кинотеатре или же просто по ТВ дома в комфортной обстановке. Но как показывают мои наблюдения за тем, как люди голосуют за фильмы и ставят оценки — с уверенностью можно сказать, что к великому сожалению в настоящее время для нас в приоритете находятся весьма странные и сомнительные устаревшие ценности, которые за столько пройденных лет уже не раз успели поменяться. Даже в музыке есть такое понятие как Old School — когда на века остаются хиты всех времён и народов, написанные великолепными музыкантами и композиторами, слушая которые происходит чувство ностальгии по тем временам. И в кинематографе тоже есть такое кино, которое можно пересматривать бесконечно не один и не два раза, и таких примеров можно привести достаточно — но не следует путать шедевры с переоценёнными фильмами, которых тоже немало. Вообще, оценивать фильмы из ТОП-250 — очень неблагодарное дело, поскольку могут заклевать не только минусами, но и личными угрозами и оскорблениями фанаты тюремной романтики, для которых такое кино — является чуть ли не культом поклонения. Но я всё же скажу своё слово, несмотря на то что уже было достаточно много сказано. 'Побег из Шоушенка' как раз и является слишком переоценённым фильмом, который до сих пор находится на лидирующем месте в ТОП-250. Я не буду говорить о справедливости нахождения данной картины на вершине рейтинга (справедливостью тут и не пахнет хотя бы потому, что есть более достойные фильмы, этого заслуживающие) и даже не о патологической любви людей к фильмам с тюремной тематикой (а это полнейший бред — видимо, из огромнейшего числа людей голосовали бывшие уголовники, воспитанные улицей), а хотелось бы сказать о том, что этот фильм — всего лишь навсего сказочка из 90-х и яркий пример того, чего не могло произойти не то что в наше время, но и даже в то время просто не могло быть. Причина Первая. На протяжении львиной доли хронометража нам показывают чистую и буквально вылизанную до блеска тюрьму, что уже выглядит неправдоподобно. У меня даже в какой-то момент закралось сомнение — видели ли авторы фильма нормальную тюрьму в своей жизни, или спутали тюрьму с санаторием. Это в настоящее время американские тюрьмы достаточно ухоженные и чистые (да и содержание заключённых, мягко говоря, недёшево, не говоря уже об Алькатрасе, который закрыли из-за того, что содержание заключённых там было очень дорогим в связи с тем, что продукты и всё прочее доставляли по морю — а это стоило немалых денег), а в 90-е к заключённым относились как к отбросам общества и не шибко «баловали» их идеальной чистотой и гигиеной. Причина Вторая. Заключённые в этой самой тюрьме приравнены к каким-то чистоплюям и слащавым интеллигентам. А где, собственно говоря, суровая тюремная жизнь, которая наложила свой отпечаток? Даже в американских тюрьмах жизнь далеко не казалась сахаром, и даже попавшие туда по ошибке невиновные со временем ломались морально и были подавленными несправедливостью, а некоторые — так вообще сходили с ума, превращаясь в отъявленных психопатов. Здесь же ничего этого даже и близко нет — все спокойные как мамонты, у которых как будто всё хорошо, жизнь прекрасна и в тюрьме не хуже чем на курорте. Причина Третья. Сам судебный процесс над главным героем выглядит вообще полнейшим идиотизмом. Напрашиваются вполне два логичных вопроса: 1) Режиссёр вообще слышал о таком понятии как презумпция невиновности? и 2) Как можно запихнуть человека в тюрьму только лишь из-за того, что у него был мотив? Ощущение такое, что режиссёр вообще не знаком с юридическо-правовой системой в принципе. Любой юрист скажет, что человек не виновен до тех пор, пока не доказана его вина и причастность к тому или иному преступлению… но что Дарабонт, что Кинг — не юристы, а люди творческие и они 'так видят'. Видят в каком-то неописуемом нормальным лексиконом бреду. Причина Четвёртая. Главному герою почему-то постоянно везёт аки распоследнему профессиональному игроку в покер. Ладно, я в принципе могу закрыть на это глаза, так как ещё не критично. Но тогда возникает вполне логичный вопрос — а почему его фото не развешаны по всему городу? Даже если человек несправедливо осуждён, то для полицейских — он всё-равно потенциальный преступник, совершивший побег из тюрьмы. Видимо, в данном фильме из стражей порядка решили сделать непрофессиональных и неквалифицированных идиотов — по другому я просто не могу это назвать. Хотя, быть может, и здесь кроется какая-то «фишка» картины, но для меня это называется просто отсутствием логики и здравого смысла. Подытожу следующее: Рейтинг в 9,15 — это, несомненно, впечатляет. И вероятно, эта цифра ещё будет постепенно увеличиваться, тем самым удерживая эту самую сказочку из 90-х на первом месте. Но видя это, мне становится смешно — вроде бы на дворе 2016 год, а такое ощущение, как будто мы застряли в 90-х и слепо и бездумно ставим вот таким переоценённым поделкам высокие оценки и считаем, что себя правыми во всём. Если перенести события этого фильма в наше с вами время, то получается, что сейчас все бы были не средним классом и нищими — а миллиардерами, жили бы не в хрущёвках — а в элитных пентхаусах за границей и ездили бы не на Toyotах — а на Ferrari или ещё каких-нибудь элитных иномарках — ведь всего лишь навсего нужно быть везучим. Это возможно во сне или в каких-нибудь сказках, таких как эта — но никак не в реальной жизни. А по сему и соответствующая оценка. 2 из 10', Оценка =BAD
Автор ='boyinthenutshell', Название ='Самый переоцененный фильм в истории кинематографа', Рецензия ='Любой здравомыслящий человек, который разбирается в кино и относится к нему, как к одному из видов искусства, но в то же время в состоянии смотреть на тот или иной фильм дотошно и беспристрастно, никогда не назовет этого калеку развлекательной индустрии-хорошим кино. Не назовет даже средним. 'Побег из Шоушенка' это совершенно нереалистичная, скучная и муторная сказка для взрослых. В этом фильме практически отсутствуют какие либо достоинства, а те достоинства которые имеют место быть-застряли в канализации, по которой главный герой выбирался из тюрьмы. Первым недостатком этого фильма является атмосфера. Все действие картины происходит в тюрьме. Вернее, должно происходить в тюрьме, а вместо этого происходит в детском садике. Что для тюрем того времени, что для тюрем в принципе, что для любых мест лишения свободы в общем и целом, условия в которых пребывает главный герой настолько дружелюбны, настолько аккуратны, что пропадает какой либо смысл в происходящем. Зачем оттуда бежать, зачем тратить столько времени, сил, надежд, на то чтобы найти способ сбежать. От кого. От чего. В чем заключается мотивация. От мягкой койки в одиночной камере с плакатами, рукодельными фигурками, журналами и аккуратным унитазиком, расположенном будто по фэншую? Или от должности библиотекаря, или регулярного питания. Нет, почему главный герой оттуда хочет сбежать - понятно. Он не виновен, плюс тратить остаток жизни в ничто и в никуда - последнее что хочется делать, и если есть хоть малейший шанс сбежать то why not. Но где накал страстей, где трагедия, где драма, где все это. Этого нету, потому что мотивация главного героя и аргументация главной цели фильма-вялая и размытая, в виду того что фильм сделали слишком добрым, светлым и нежным, в ущерб куда более прозаичной реальности. Если бы братишка захотел убежать из тюрьмы - я бы ему поверил. Я бы понял его чувства. Потому что с ним сидит поехавший, который пытается скормить ему свои фекалии, и испражняется в посуду. И я бы волновался за успех его побега. А тут че? Нам рассказывают красивую сказку про то чего не бывает в природе, в ущерб атмосфере и логике происходящего. ХУДОЖЕСТВЕННЫЙ фильм, в периоде. Второй недостаток этого фильма - игра актёров. Вернее не их игра, а прописанные им заранее характеры. Самое забавное, что это прекрасно вписывается в общую атмосферу картины, и именно поэтому еще больше превращает её в подобие влажной фантазии слабовольного фантаста. Морган Фриман - то самое звено, которое по задумке должно компенсировать легкое послевкусие от фильма, привнося в него горсть трагизма. У меня такая нелегкая судьба, у меня такая мрачная жизнь, я обязан уживаться с тем, что лишившись близких и родных буду гнить в тюрьме до конца своих дней, пожалейте меня, сопереживайте мне, уважайте меня за мою стойкость и смирение. Друг главного героя, его единственный луч надежды, его отдушина, знакомство с которым то единственное хорошее и положительное, что дало ему заключение в тюрьме. Но это не так работает. Что Фриман, чернокожий страдалец, прячущий свою горечь от посторонних взглядов и держащий все в себе как мужчина, что все остальные герои картины, выглядят как котята которых засунули в картонную коробку с едой, питьем, и теплым махровым покрывальцем, и пытаясь выбраться от скуки-не замечают, что никто их там силой не держит. Это все и роль Фримана только поддают запашку к и без того дурно-пахнущей, бросающейся в глаза, нелепости фильма. Тим Робинс На самом деле со своей ролью он справился. Это живой и интересный персонаж. Белый воротничок, который, оказывается, в трудной и экстремальной ситуации способен на хладнокровные, выверенные действия, на смекалку, смелость. Способен скрывая свои мотивы и замыслы готовить годами план для побега. При этом все прописано и исполнено превосходно. Он как герой боевиков со всех их стойкостью, храбростью, силой воли, только реалистичный, а не супермен с залысиной, как Брюс Уиллис, по которому не попадают пули. Он, его личность, его характер, на самом деле интригуют. Он эту картину кое-как вытягивает. Но ни смотря на это он не вызывает симпатии. Он зазнавшаяся крыса, попав в равные со всеми условия, смотрит на равных ему свысока. Так, будто хоть они и носят одинаковую одежду, хоть и спят под одной крышей, едят одну и ту же еду, дышат одним и тем же воздухом, он все равно, по какой-то причине, лучше, чем они. Сопереживать ему не получается, этому сам фильм мешает, сам главный герой. А что тогда испытывать от просмотра если не сопереживание кому либо? Это ж драма или че это там такое. Ну я в любом случае ничего кроме зевков не испытал при просмотре Все остальные актёры и их персонажи-картонные Это выглядит как массовка, тут даже говорить нечего. Ну и напоследок, просто, нелепица, которой пронизан весь фильм. С самого начала, неадекватной реакции смотрителей на абсолютно все, нелогичные действия и решения абсолютно всех, нелогичное и сверх-нереалистичное развитие событий, будто нашим героям и их планам благоволит сам бог на каждом шагу, и до самого побега. Что это, сточная труба, канава, канализация. Что это такое. Если упустить детали - то фильм ты включил только чтобы посмотреть как пухлый, прилизанный одуванчик ползёт по какашкам из тюрьмы. И этот фильм находится в топе Кинопоиска. 4 из 10', Оценка =BAD
Автор ='Tyler1991', Название ='Чуровщина', Рецензия ='В отличии от Герострата, который поджёг храм Артемиды в Афинах, чтобы попасть в историю, я пишу красную рецензию на 'самый лучший фильм всех времён и народов' не для того, чтобы прославиться, но для того, чтобы уважаемый читатель сего текста задумался об обоснованности нахождения данного фильма на первом месте в ТОП 250. Не желая выглядеть борцом с ветряными мельницами я позволю себе провести параллель между оценками пользователей этому фильму и избирательной системой России. А параллель эта будет заключаться в четырёх математических символах: 146 % Как каждые четыре года граждане России считают своим долгом стройными рядами идти и голосовать за 'единую и неделимую, непобедимую и нерушимую', так каждый день пользователи лучшего русскоязычного сайта о фильмах стройными рядами ставят Побегу из Шоушенка 10ки и 9ки. Иное мнение считается ничем иным как моветоном, любая попытка не согласия с официальной позицией большинства будет приравниться к покушению на святое и екстремизмом. И казалось бы, что всё можно легко объяснить, что это происки г-на Чурова, что это его любимый фильм и именно он накручивает ему оценки, но ведь нет! Можно просто часами зачитываться зелёными рецензиями, которые, которые восхваляют данную картину, называют её шедевром. Ну а простые голосующие не хотят выглядеть дураками, не понимающими, не ценящими шедевров, и несут свои бюллетени (простите оценки) с галочками в нужных местах. Не хочу быть голословным, и поэтому перейду к самому фильму. Картина сама по себе довольна скучна и однообразна. Персонажи выглядят в некоторой степени картонно и играют абсолютно нехаризматично. 'Побег из Шоушенка' абсолютно не затягивает в свою атмосферу. Атмосферы как таковой в фильме и нет, есть только скучные диалоги, и отсутствие каких либо эмоций. Единственной, лично запомнившейся мне фразой из фильма является высказывание персонажа Фримена об экскрементах главного героя. Сцен, от которых появляется ком в горле нет вообще. И главным минусом фильма на мой взгляд является то, что абсолютно не получается поверить в происходящее на экране. Если в том же самом х/ф 'Начало' Нолана, фантастическом 'Назад в будущее' происходящее на экране начинает завораживать, вызывая внутри бурю эмоций, то после 'Побега...' внутри остаётся какая то пустота. Да, можно попытаться искусственно порадоваться за главного героя, но эти чувства и эмоции будут ложью, как и является ложью всё то, что происходило на экране в течении 2х часов. Именно поэтому, лично у меня возникает желание задать в некоторой степени риторический вопрос: неужели так мало фильмов, поднимающих общечеловеческие проблемы и достойных занять первую строчку в ТОПе? По моему скромному мнению, тот же самый 'Форрест Гамп', французские 'Неприкасаемые', 'Бойцовский клуб' несут в себе настолько позитивный заряд эмоций, настолько задевают струны души, что приятные воспоминания остаются внутри надолго. И именно после этих фильмов, а не после 'Побега...' хочется сказать: 'Я хочу стереть себе память, чтобы пересмотреть вас ещё раз'. 7 из 10', Оценка =BAD
Автор ='shebalin', Название ='Локальная жвачка всех времён и народов', Рецензия ='- Исторический и культурный контекст. Их нет. Такое впечатление, что авторов вообще не заботил хронотоп происходящего. В фильме нет ни 40х, ни 50х, ни 60х. Минимальное культурно-историческое влияние – меняющиеся девушки на плакатах. Что в общем-то тоже – никак не влияет на происходящее. - Социальная, национальная, политическая и какая-либо ещё проблематика? Их нет. Такое впечатление, что действия происходит в некой подчёркнуто гламурной, избавленной от текущих проблем, тюрьмы. Где нет ни расизма, ни другого какого бы то ни было неравенства. Где – может и есть насилие, но авторам, видимо, рефлексия на эту тему волнует не больше, чем рефлексия на тему, собственно, того, за что были осуждены персонажи их истории. - Сюжет и интрига. Их нет. А главная интрига провалена уже самим названием. Когда я встречаю такой «спойлер», всегда надеюсь, – вдруг авторы меня хотят запутать, вдруг – на самом деле – главная интрига – какая-либо другая? Нет. Может, в этом «Побеге» имеются какие-либо плот-твисты, супер-макгаффины или панч-лайны? Увы. Герои фильма – преступники, которые... осуждены за дело или просто так? Но даже эта интрига тоже провалена напрочь. - Образы персонажей и актёрские работы, раскрывающие эти образы. Их нет. За все 2.5 часа мы узнаём о персонажах не более того, что узнаём в первые 15-20 минут. Может, эти образы как-то лихо и ярко развиваются? Может, персонажи переживают катарсис и внезапно открываются с удивительных – для зрителя – сторон? Нет, ничего такого за столь долгое экранное время не происходит. - Изобретательная съёмка, интересные кино-приёмы, оригинальный монтаж? Их нет. Фильм до безобразия безлико и несложно снят. И если есть «авторское кино», то «Побег из Шоушенка» – унылый пример подчёркнуто не-авторского кино, то есть, фильма, где авторы, видимо, исповедуют принцип «скучно о скучном». Ну в что ж тут есть? Да в общем-то – ничего. Никакущее нечто, напоминающее – жвачку. Вот ты её жуёшь – как будто ешь что-то, но на самом деле ничего не ешь. Смотреть не рекомендую. Статья в Википедии об этом фильме – в разы более динамична и художественна, нежели сам фильм.', Оценка =BAD
Автор ='Come On Closer', Название ='мир хочет быть обманутым.', Рецензия ='Однажды вечером некто Энди Дюфрейн, вернувшись из командировки раньше положенного, обнаружил свою жену в процессе страстного и завидного совокупления с неизвестным, что привело его в дикую и ветхозаветную ярость, а посему он достал из кармана старое дедушкино ружо и пострелял провинившихся, выпустив в тех всю обойму. Показав Энди Дюфрейна, режиссёр всех весьма озадачил, потому как внешне он скорее бабушка божий одуванчик, нежели свирепый ревнивец, который может набраться ненависти настолько, чтобы безжалостно угробить собственную жену за то, что она всего лишь решила заделать детей с его соседом-директором-братом-бейсболистом-неважнокем. Старину Энди сажают в тюрьму на миллион лет, там его не любят, но он знакомится с добрым и уже тогда мудрым негром, которого исполняет Морган Фримен. Энди счастливо и спокойно целыми днями пьёт боржоми, считает денежки директора тюрьмы, заполняет бумажки, мирит заключённых — проще говоря в каждой бочке затычка, да ещё и с выражением лица — «вы все дураки и не лечитесь, а я одна такая в белом пальто стою красивая». А ещё стену ковыряет каждый день, чтобы прорыть секретный подземный ход, чтобы далее нагло дезертировать. Всё это безобразие он прикрывает постером одной местной дивы, а так же тем, что фильм шедеврален, занимает первое место на Ай-Эм-Ди-Би(л?) и на кинопоиске тоже и нечего к нему придираться. Хотя что-то отсмотрев его три раза от начала и до конца, а после и в обратной перемотке, почему-то создалось впечатление, что меня надули, потому как фильм определённо неплохой и уж точно лучше, чем какой-нибудь Шиндлер со своими списками-пиписками, но не шедевр точно. Вся философия и нравоучения в кине типично Кинговская, а ещё немного Спилберговская, что означает не иначе как сопли, правда в этот раз сопли в довольно-таки оригинальном соусе и мысли интересные, определённо есть, как тюрьма в тюрьме, но озвучены они были задолго ранее Короля дешёвых ужастиков, и уж точно раньше его главного экранизатора, только вот во всяких «Взапертях» из этого не делают ослиную драму и слёзовыжималку, а представляют как максимально сухой и жестокий факт, даже в недавней предельно дебильной смертельной гонке давно отмотавший свой срок механик не размазывал соплей по лысине Стэтхэма, мотивируя это тем, что ему неудобно жить среди людей. Главный плюс, который заслуживает шедеврательных похвал — это умиротворённая созерцательность сознания Рэда, когда последний доживает до финала фильма, потому как это действительно и сильно, и красиво, и даже почти Анри Шарьер в своей стартовой беготне по одиночной камере. Но, к сожалению, это ни разу не МакМёрфи, впрочем, как и весь «Полёт над гнездом кукушки», потому как фильм Формана вопросы свободы и дружбы поднимает на куда более высокий уровень и рассматривает их под куда более выразительными углами, нежели исключительно голливудский «Побег из Шоушенка». Я не просто так поставил в заглавие цитату епископа из «Дневника сатаны» Леонида Андреева, потому как она наиболее ярко и метко характеризует отношение к фильму Дарабонта. Кто-то постарше и поумнее сказал, что фильм шедевр, а все остальные охотно поверили, хором начиная петь серенады и прочую рукоблудческую ахинею. Хотя и моя позиция не претендует на ярлык абсолютной истины, потому как шедевральность «Шоушенка» я оспаривал дрыном, который предусмотрительно вытащил из штанов, а потому не берите в голову.', Оценка =BAD
Автор ='ThrillerStory', Название =''Обычный' фильм в 'шедевральной' шкуре', Рецензия =''Очень редко случается так, чтобы прекрасное одновременно было популярным' Иоганн Вольфганг фон Гёте Перед тем как писать отрицательную рецензию на данный фильм, так яро восхваляемым людьми разных возрастов и убеждений, я много раз подумал. Но все же, думаю высказаться стоит. 'Побег из Шоушенка'- как же много в этих словах. Любимый фильм народа, любимый фильм кинопоиска, любимый фильм кинокритиков. Слава бежит впереди этого фильма. Впервые я о нем услышал, когда решил разнообразить свои будни интересной драмой, где хочется посочувствовать герою, пережить этот эмоции вместе с ним, хорошо провести время. Среди тысяч отзывов, все грезили побегом, обещали незабываемые 2 часа, да и просто говорили, что это 'лучший' фильм. Стоило мне тогда послушать свое 'киночутье', и оставить этот фильм народу. Перечитав еще несколько отзывов и рецензии, я включил данный фильм. Что же, неплохо, детективная история на почве любви, тюрьма. Но когда же начнется 'шедевральное' в данном фильме? Дальше хуже- история про то, как главный герой заводит себе друзей, среди которых есть отличный актер, по большей части ради которого я и стал смотреть этот фильм, Морган Фриман (Кто нибудь объяснит мне почему он ирландец?), проблемы, везения, в общем все как полагается в фильме про тюрьму, но опять же, где 'шедевральность'? Ладно, давайте смотреть дальше, я предвкушаю что взрыв эмоции в концовке. Но нет, и тут разочарование, друзья! Самая обычная концовка, хеппи энд(остальное раскрывать не буду, спойлеры никто не любит), интересное умозаключение, и 2 часа фильма закончились. Все что мне оставалось, это с грустным лицом подумать- 'и что же в этом фильме такого великого?' Не хочется обижать поклонников данного фильма, но в нем нет ничего необычного. Вполне обычный фильм, возможно который и выделялся в 1994, но все же на дворе 2014, может быть, как бы это не звучало прискорбно, пора искать шедевр, не снятый во времена детства большинства из нас? Фильм вполне хорош для своего жанра, и я бы мог поставить ему 7 из 10, но учитывая эту не совсем оправданную популярность, моя оценка 4 из 10', Оценка =BAD
Автор ='milka_insane', Название ='И снова NUMBER ONE…', Рецензия ='Вот только почему 'Побег из Шоушенка' так неизменно удерживает лидирующую позицию в Топе 250 - не знаю. Безусловно, фильм хороший, даже очень хороший! И я не стала бы возражать, если б увидела его в начале 'хит-парада'. Но одного не понимаю - за что первое место?! И теперь я просто вынуждена написать отрицательную рецензию, чтобы хотя бы кто-то одумался от этой заразной болезни оценивать эту картину наивысшим баллом. Например, я бы не удивилась, если б на 'царском' месте оказалось что-то более стоящее - '1+1'(о той же надежде, что так восхваляют в 'Шоушенке') или 'Жизнь прекрасна', где понятие свобода выражено ничуть не хуже. Вы можете осыпать меня нецензурной бранью или просто неодобрительно фыркнуть, читая мою рецензию, но я считаю, что эта тюремна драма не достойна звания самого лучшего фильма. Разве он так близок нам?! Не думаю. Есть немало отснятых картин, которые хочется смотреть еще и еще, каждый раз открывая для себя что-то новое. А тут... посмотрел, пару часов похвалил фильм и взялся за просмотр нового, не возращаясь больше к 'Шоушенку'. А зачем? Дважды его уже смотреть не особо хочется. Что, не согласны со мной? И я не боюсь предположить, что оценки в 10 баллов ставят те, кто не хочет отделяться от толпы, или если быть точнее - от стада. 'Побег из Шоушенка' - сильное кино. И игра Тима Роббинса и Моргана Фримана на высшем уровне. Но есть парочка НО... Слишком затянули сюжет, а саундтрек не оставил никаких впечатлений. Хэппи энд оказался самой захватывающей частью, однако, даже слез и бурю радости за героя у меня не вызвал. Только тоску и какую-то серость на душе. Уныние. Вот как-то так. А теперь судите сами - действительно ли фильм заслуживает 10-ку? Или Вы еще просто не смотрели лучших фильмов? 8,5 из 10 (но никак не больше!)', Оценка =BAD
Автор ='Ваня Старостенко', Название ='Переоцененный «шедевр»', Рецензия ='Не понимаю я всеобщего восторга по поводу этого фильма. Мало того, что сама идея не оригинальна, еще и сюжет весьма посредственный. Такое ощущение, что Стивен Кинг в своем произведении просто сделал плагиат на роман Дж. Кэмпбелла Брюса «Побег из Алькатраса» (основанный на реальных событиях), экранизацию на который удачно снял Дон Сигел с Клинтом Иствудом в главной роли. Практически все взято из 'Побега из Алькатраса', вплоть до 'неожиданного' финала. Оттого становиться досадно, что фильм Сигела затмил столь наглый плагиат в виде 'Побега из Шоушенка'. Зачастую я вообще поражаюсь, что те или иные фильмы делают на первых местах в различных топах. В то время как есть настоящие шедевры кинематографа, которые ужасно недооценивают (к примеру, масштабные шедевры Фрица Ланга). Итог: крайне переоцененный фильм, с 'ворованным' сюжетом. 2 из 10', Оценка =BAD
Автор ='Rexhepi', Название ='Прошлое поколение или Old School', Рецензия ='Всегда удивляло, почему же на двух авторитетнейших сайтах (Кинопоиск и IMDB) у этого фильм лучший рейтинг? Решил разобраться. За последние несколько лет посмотрел этот фильм достаточное количество раз, чтобы написать рецензию (благо его по ТВ показывают чуть-ли не каждую неделю). Фильм бесспорно хорош, но только в своем жанре. Это именно жанровое кино, но далеко-далеко не шедевр в мире кинематографа. Простыми словами: фильм- прошлый век. В нем все старо как Мир, все эти ценности, отношения уже миллион раз в реальной жизни поменялись. Я разговаривал с многими людьми об этом фильме, и сделал вывод, что больше всего он нравится так называемым 'любителям вечерком посмотреть телевизор, поклонникам зомбоящика'. То есть огромному большинству людей, которые того же Дарабонта и, например, Мартина Скорсезе не различат. Учитывая, что по ТВ показывают в основном 'старые народные проекты' немудрено, что у фильма такой рейтинг. Если честно, меня этот фильм всегда утомлял: хотелось уснуть, остановить его, выйти из комнаты и так далее. Морали-то в нем на полкопейки! А 'шедевральности' и вовсе не видно. Безусловна видна режиссерская работа, а также великолепная игра актеров. Но это, пожалуй, главные достоинства фильма. Для примера хочу сравнить этот фильм с некоторыми из ТОП-20 на 'Кинопоиске': 'Интерстеллар', 'Начало', 'Крестный отец', 'Властелин Колец', 'Гладиатор'. Все перечисленные картины - это глыбы, титанический труд создателей, великий размах, абсолютная шедевральность во всем, от саундтрека, до спецэффектов. И в любом из этих фильмов морали никак не меньше, чем в 'Побеге из Шоушенка'. И я до последнего времени не понимал, как Великие Творения Человечества могут уступать в рейтинге какой-то хорошей, но скучноватой драмке. После немногочисленных опросов, я так же понял, что 'Побег из Шоушенка' - это то хорошее из 90-х, чего так было мало в то время. Многие просто оценивают его по старым заслугам и благодаря 'стадного инстинкту' (мол моему отцу, матери, соседу дяде Ване, однокласснику понравился, значит это шедевр). Сейчас на дворе 2014 год и фильм 'Побег из Шоушенка' давно утратил свою актуальность (можно привести параллели с 'Крестным Отцом', ведь в наше время тюрьма и мафия уже абсолютно не актуальны. И день, когда первое место в рейтинг займет новый фильм (после 2010 года выпуска) - станет первым днем Новой Эпохи, когда править бал будут реально заслуживающие того фильмы, а не накрученные 'стадным эффектом' картины. 6 из 10', Оценка =BAD
Автор ='Radost16', Название ='Фильм не для таких высоких оценок', Рецензия ='Я не думала, что фильм, занимающий первое место в Топ-250, так разочарует меня. От картины, имеющей такие высокие оценки, можно было ожидать необыкновенной истории с глубоким смыслом, многочисленными поводами для раздумья и затрагивающей многие жизненно важные вопросы. В итоге я просмотрела вполне посредственный фильм с неплохой актерской игрой, сказочным развитием событий в тюрьме для главного героя, парой-тройкой умных мыслей, абсолютно предсказуемый и очень затянутый, иногда вызывающий желание прекратить просмотр, сюжет в котором более-менее динамично стал развиваться только к концу. Восторженные зрители в один голос заявляют, что это лучший фильм о надежде и свободе. Я согласна, что эти темы здесь затрагиваются, но убеждена в том, что об этом снято множество гораздо более качественных картин, в которых тема свободы и надежды показана на примере общечеловеческих ценностей и высокодуховных стремлений. Я не могу признать гениальным фильм, в котором тема свободы раскрыта на примере тюрьмы. Тема мужской дружбы тоже раскрыта весьма спорным образом, ведь подружиться главных героев заставили обстоятельства, и еще неизвестно, были бы они столь дружны, если встретились и познакомились, будучи на свободе. И хотелось бы сказать, что конец у фильма получился абсолютно предсказуемым, исходя даже из названия, и сказочным. Очень жаль, что первые места в списках занимают фильмы не о любви, дружбе, верности, героизме, преданности, семейных ценностях, о вечных идеалах и стремлений к самосовершенствованию и к совершенствованию жизни окружающих людей, а жестокие картины о мафии, криминале, преступниках и тюрьме. 7 из 10', Оценка =BAD
Автор ='in Bruges', Название ='Номер один. Почему?', Рецензия ='Нет, я отказываюсь понимать почему этот, несомненно очень хороший фильм, является по мнению многих лучшим из лучших. Я бы не удивлялся, если бы этот фильм был в первой десятке, но не могу смириться с тем, что для людей именно данная тематика является главной. Тема фильма, если говорить двумя словами, это свобода и надежда. Действительно, это самые главные понятия в жизни, но я пересмотрел этот фильм много раз, и при всем желании не смог сказать после титров, что это кино раскрыло эти слова в полной мере. Популярность этого фильма, вернее даже не популярность, а высокий рейтинг и высокие оценки, обусловлена прежде всего стадным инстинктом. Вот и все. Я не согласен с тем, что тема свободы должна показываться именно на примере тюрьмы. Ее можно показать так, но тогда я не могу назвать это гениальным, а рейтинг обязывает меня это сделать. Но я никогда не скажу, что этот фильм лучший. Все те, кто считает тему освобождения из тюрьмы самой актуальной для себя, вы что все сидели? Мне ответят: 'имеется ввиду внутренняя свобода' и все такое. Но тем не менее вы считаете именно фильм с тюремной тематикой самым лучшим фильмом о свободе... Фильм 'Храброе сердце' гораздо глубже и обширнее раскрывает это понятие, однако борьба за свободу целой нации видимо ставится ниже, чем эта самая борьба отдельно взятого человека. В заключении хотелось бы подчеркнуть, что я ни в коем случае не пытаюсь критиковать фильм, как проект. Я лишь хочу сказать, что он не должен стоять на первом месте в рейтинге. Оценка фильму: 8 из 10', Оценка =BAD
Автор ='Сергей Тюленев', Название ='Фильм выставляет героем вора.', Рецензия ='Фильм выставляет героем вора. Да, главный герой не повинен в убийстве, но он - вор, укравший у другого вора деньги налогоплательщиков. Американская буржуазная кинопромышленность, безусловно, служа интересам буржуазии, формирует в кино образ 'героя-банкира', чьё воровство денег населения через банк узаконено буржуазными законами, но режиссёр фильма ставит задачу оправдать морально и мошенническое хищение главным героем больших денег, запрещённое уголовным законом. У режиссёра это выходит довольно искусно, так, что после просмотра фильма не сразу к зрителю приходит понимание, что его с помощью художественных приёмов заставили симпатизировать вору в особо крупных размерах, который совсем не Робин Гуд, нет, он не собирается отдать эти деньги нуждающимся, он их присвоил и истратил. Вот он, герой нашего буржуазного времени! Вор! Каково тебе, зритель, осознать, что эти 'деятели культуры' из Голливуда перепутали в твоей голове понятия добра и зла? Такая уж у них работа. 1 из 10', Оценка =BAD
Автор ='От крови волка и дракона', Название ='Брови «домиком»', Рецензия ='«Если долго мучиться что-нибудь получится», - основная, разжеванная до состояния манной каши идея фильма Дарабонта «Побег из Шоушенка», а где-то на задворках, около мусорной кучки притаилась еще одна - «От работы дохнут кони, ну а я... бессмертный пони!». Брови складываются «домиком», когда видишь, какое место занимает этот простоватый и мелкий, как лужа, фильм в топах и рейтингах. Понятно, конечно, что зрителя привлекает в ленте Дарабонта именно простоватость. Не нужно включать мозг, не нужно никуда вникать и искать смысл. Надень пуш ап и все само подтянется, а не подтянется, так Фрэнк поможет. Не смотря на отсутствие мистики, крови бьющей из водостоков и жабервог «Рита Хейуорт и спасение из Шоушенка» самая сказочная из историй Короля ужасов. И ее рождению наверняка способствовал не кошмар, а добрый спокойный сон. Герой исключительно положительный, крымский царь (государство, система) - собака, но главное надеяться и все будет кока-кола, розовые очки в комплект входят, но Стивену веришь, как самому себе. В фильме все это тоже имеет место быть, но всем экранизациям Кинга от Дарабонта присущ один и тот же недостаток. Режиссер следует первоисточнику, чуть ли не постранично, но меняет пару деталей и суть извращается, акценты смещаются, а от результата хочется плакать и смеяться. В «Мгле» ради эффекта он убивает надежду, в «Зеленой миле» тетешкается со смертниками. А в «Побеге из Шоушенка» еще раньше российских прокатчиков упрощает толкование названия, и трактует redemption, только, как освобождение, побег. И вот тюрьма становится Цветочным городом, а зеки коротышками, чистыми, наивными и без следа преступного прошлого. Как и в «Зеленой миле» режиссер умалчивает о том, что не за добрые дела они утаптывают тюремный дворик. Все это в угоду драматическому эффекту и стремлению как можно качественней развести зрителей на эмоции. Вместо трусоватого, но вполне реалистичного поступка Томми – расстрел, вместо пары строк о тихой смерти старика и мертвого голубя, душещипательное самоубийство Брукса. Портянки и простынки в зрительских слезах, а от отчаяния впору убиться головой о медный тазик. С добром все ясно это зеки, а по совместительству жертвы системы и неудачного стечения обстоятельств, радостно агукающие и пускающие слюни над классической музыкой. А зло, конечно же, охрана и начальник тюрьмы, Комбинат и «Интеграл». Эпизоды с «сестрами» где-то на обочине, поданные со смаком, однако добавленные в царство медового света ради намека на достоверность и чтобы совсем уж тюрьма раем не казалась, да и не все же охране Флэгго-орками ходить. В предисловии к «Противостоянию» Кинг писал о бедности экранизации по отношению к первоисточнику и что лучше героям жить на страницах книг и в сердцах читателей. Смотря «Побег из Шоушенка» понимаешь как же это чертовски верно. Талантливые и гениальные актеры как-то совсем неуютно пристроены в этом фильме. Энди (Роббинсу) пиджак свободы очевидно мал. Весь фильм он ходит чумурудненький и как пыльным мешком пристукнутый. Но снова вспомнить брови о положении «домик» заставляет все же выбор афро-американца (будем исключительно политкорректны) Фримана на роль ирландца Реда. Конечно, Новая Англия это не Миссисипи и, тем не менее, сомнительно, что в тридцатые-шестидесятые чернокожий мог занимать такое место в тюремной иерархии и запросто попивать пивко с белыми. Сказка. В чем-то похожая на итальянскую о злой судьбе. Где принцесса умыла, приодела старушку и все наладилось. В чем-то на попсовую песенку с надоедливым мотивчиком и одной несущей смысл фразой, едва уловимой как малюсенький брусочек масла, размазанный по очень толстому куску хлеба (скромный привет тому, кто повлиял, сами знаете на кого). Вернее одной единственной идеей растянутой на два с лишним часа, про пони все же вторично и не так важно. Чтобы до зрителей под конец однозначно дошло, что жизнь хоть и жестянка, но в болото ее нукать не стоит, а стоит бить лапками по сметане и надеяться… Надеяться на то, что Дарабонт хотя бы не испаскудит «Темную башню» вмешательством в дела ка-тета.', Оценка =BAD
Автор ='rred', Название ='Тоска зелёная', Рецензия ='О чём этот фильм и заставляет задуматься, так это о том, почему он в рейтингах на первом месте. Ибо это типовой, шаблонный и не вполне правдоподобный голливудский ширпотреб. Первый интересный факт: «Тюрьма находилась в таком плачевном состоянии, что пришлось потратить немало бюджетных средств на приведение её в должный вид». А зачем? в результате наш рядовой провинциальный школьный общепит выглядит более убого, чем столовая в этом «ужасном» месте. У каждого одиночная камера, всё чистенько, ухожено, заключённые такие все холёные. Больше похоже на пионерский лагерь. На этом фоне нам показывают «ужасы» один за другим. Вот поливают из шланга, вот охранник бьёт новенького заключённого. Вай-вай, это плохо. Но если бы он просто избил его, это не повергнет зрителя в ужас, надо сказать, что заключённый умер на следующий день. Вот теперь у зрителя должно сжаться сердце, галочку поставили, едем дальше. Дальше у главного героя идут одни психологические драмы за другими. Он страдает, мучается, но держится крепко и не сдаётся. Только вот всё это навевает жуткую тоску и желание промотать вперёд. Почему? Потому что все его психологические драмы высосаны из пальца, потому что в жизни так не бывает и потому, что все его эти драмы и «мучения» в сущности ничто в сравнении с тем, что бывает на самом деле. Мы видим просто тюрьму, где конечно ничего хорошего нет, но это просто тюрьма, и достаточно комфортная. Если вы хотите узнать, как бывает в жизни, почитайте Шаламова, Солженицына. Даже наши современные тюрьмы с переполненными камерами — это куда более жуткое зрелище. Короче, задачу показать все тяготы заключённых в тюрьме авторы фильма не выполнили. Теперь о главном. Этот фильм как бы очень глубокий. Ну очень. На каждом шагу голос за кадром выдаёт кучу философских мыслей, которые должны вас тронуть до глубины души. Но, чтобы вы случайно не пропустили ни одной глубокой мысли, вам её преподносят очень медленно и не по одному разу, как в бразильском сериале. Сначала происходит интересное событие. Если вдруг в этот момент вы отвлеклись или ели попкрон, вы могли его пропустить. На этот случай потом герои это событие обсуждают между собой. Какой-то герой не понял глубины происходящего, так другой ему объясняет. Тут вы уже всё поняли и осмыслили. Но, на всякий случай есть ещё закадровый голос. Он вам объясняет глубину происходящего ещё раз, чтобы вы точно всё поняли и почувствовали себя приобщённым к искусству. Тоска зелёная. В итоге имеем обычное кино с несколькими интересными моментами, не более того. Откровенно говоря, за один присест посмотреть фильм не получилось — я просто уснул, так и не дождавшись обещанного в названии побега. Досмотрев его на следующий день, окончательно убедился, что просто потерял время. Фильм не плохой и не хороший, он никакой. 5 из 10', Оценка =BAD
Автор ='sorta fairytale', Название ='Свалить из Шоушенка', Рецензия ='Стивен Кинг лично для меня никогда не был королем ужасов, ибо его произведения зачастую носят характер легкой мистики, не более (хотя, справедливости ради, его 'Дорожный ужас прет на Север' - это действительно пугающая байка); в чем по-настоящему хорош Кинг, так это в своих рассказах или романах, он не всегда блещет оригинальностью, зато старается тронуть читателя, говорит зачастую о вечном и наболевшем. Со своей стороны истеричного и не очень уравновешенного циника, более преданного Паланику и Берроузу, я могу лишь сказать, что у Кинга чертовски много минусов и недостатков, и пишет он порою для количества, а не для качества, но на все это приходится закрывать глаза, потому что не проникнуться неподдельной любовью к парочке его шедевров просто не получится, хотели бы вы того или нет. 'Свадебный джаз', 'Все предельно', 'Сердца в Атлантиде', 'Заклятие параноика', 'Долгий Джонт', 'Короткая дорога Мисс Тодд', 'Все, что ты любил когда-то, ветром унесет', 'Смерть Джека Гамильтона', 'Теория домашних животных: постулат Л. Т', 'Дорожный ужас прет на север', 'Завтрак в кафе 'Готэм'', 'Вещи, которые остались после них', 'Н.'... какой-то объемный список самых любимых и гениальных его произведений получается, а ведь это он даже не закончен и не доработан. Но все эти лирические отступления все равно приведут к сухому выводу - Кинг хорош не всегда, оригинальностью блещут далеко не все его творения, да и актуальность многие из них утрачивают ещё до рождения; вот такая вот парадоксально разносторонняя личность гения. 'Побег из Шоушенка' - это, безусловно, неплохой рассказ, типично кинговский, местами изнуряющий, но берущий в конечном итоге не своим сюжетом, а настроем на вечную тему. Теперь о переносе этой истории в мир кинематографа - да, это однозначно не лучшая экранизация борьбы человека с несправедливостью, ограниченностью и заточением. Вспоминается хотя бы тот же самый 'Мотылек', или, если обобщить заданную тему, 'Вкус Вишни'. Шоушенк - это своего рода сказка, на самом деле даже очень приукрашенная легенда, изрядно подслащенная, правда не ради приторности и соплей, а ради более благородных целей - человеку нужно внушить, что свобода - это его все, надежда - это мерцание светлячка в кромешной темноте. Звучит замечательно и высокохудожественно, но смотрится и воспринимается исключительно на уровне сказки, тем более, что мы тут с вами ведем речь чуть ли не о самом лучшем фильме всех времен и народов. Кстати, именно это звание картины во многом и предопределяет к ней отношение, если бы её заслуги не были так высоко превознесены, то, вполне возможно, весь этот ажиотаж утих бы, а так, руководствуясь стадным чувством, народ бездумно ставит высочайшие оценки, бесцельно восхваляет среднего уровня кино и приписывает ему какие-то небывалые заслуги. 'Побег...' весьма хорош собою, сделан на уровне, смотрится приятно во всех смыслах и отношениях, но он забывается через пару дней, что там, через пару минут после просмотра. Доля пафосности и неестественности присутствует, да и не лучшее это произведение Кинга все-таки, чтобы так его восхвалять. Да что уж там, давайте откровеннее и резче, у нас тут типа свобода слова, Энди целыми днями в тюрьме ходит с пресловуто кисло-философской миной, где он начинает благоухать и нести в общество заключенных лучики света и счастья, занимаясь ненужной и легкой в принципе работой, далекой от тюремных реалий, в перерывах между самокопанием он ковыряет стенку, которая и в самом деле ковыряется, красивенько рушится, и вообще здесь целый ряд фантастических событий, которые ведут к неизбежно позитивно-настроенному энду. Ковыряйте мол, и все у вас расковыряется. И здесь мои субъективное и объективное мнения сходятся достаточно твердо - фильму многого не хватает, а по некоторым критериям он даже проигрывает отдельным картинам на эту тематику. Что до длинных и нудных разговоров на тему актуальности, то здесь можно ограничиться одним простым утверждением - даже если мы переголосуем ещё пару тысяч раз, то нам все равно не удастся выбрать самый лучший и актуальный фильм всех времен и народов, по той простой причине, что его не существует. Но все-таки высокие циферки на счетчике IMBD говорят не только о стадном чувстве потребителя, но и о том, что человечество выбрало свободу, как самую главную тему в своей жизни (забавно, учитывая то, что девяносто процентов голосующих находятся в плену у компьютера, с кандалами в виде клавиатуры и мышки на руках и им явно пришлось бы приложить меньше усилий, чем главному герою, чтобы вырваться на свободу). Но так или иначе кино подавило зрителей, как дорогостоящая соковыжималка лимоны, все прослезились и умиротворенно выдохнули со всхлипом, тем самым отдавая предпочтение красивой и лживой сказке, что в общем-то абсолютно нормально и неудивительно. Но настолько очумевать, спотыкаясь, бежать за толпой, разглядев имя Даррабонта и Кинга, скандировать уже сказанные кем-то чопорно-высокие слова, это уже печально. Моё вам мнение напоказ - не шедевр, просто хороший фильм, уступающий многим. Вперед за оружие друзья, к расстрелу готова. 6 из 10 И помните, что все предельно.', Оценка =BAD
Автор ='krastonet', Название ='Людям нравятся фильмы о тюрьме - особенно тем, кто там не бывал...', Рецензия ='Написать свою рецензию меня подтолкнул не просмотр фильма, не впечатления - а место фильма в рейтинге, когда я узнал о его лидирующей позиции вот уже на протяжении долгого времени! Скажите, странно как то? Может быть... И всё же я попытался провести своего рода анализ. Почему же данный фильм занял первое место и уступать его не собирается? Сам фильм 'Побег из Шоушенка' с объективной точки зрения и по сюжету и по сценарию да и по актёрской игре не является чем то исключительным и из ряда вон выходящим. Да 'техника' фильма профессиональна, всё на высшем уровне - но сколько есть ещё прекрасных фильмов с иными сюжетами, которые с лёгкостью затмят данную картину? Очевидно не мало... И самое что интересное, немало кинолюбителей с этим согласятся! И вот тут в поле зрения невольно попадает сюжет картины... А сюжет картины прост - тюрьма! Именно тюрьма в данной картине, подобно вкусной начинке, делает 95% работы чтобы понравиться зрителю, который заглатывает её с каким то болезненным сладострастием! Можете не согласиться... Нет смысла спорить, что информационная индустрия (особенно телевидение) в значительной степени формирует сознание и мировоззрение общества, понимая это, не приходится удивляться, что там, где целыми днями на экранах мелькает насилие, убийства, запугивающие новости, разного рода черная статистика, судебные тяжбы, сериалы про ментов, свою работу в программировании сознания доделывает музыка типа Шансон (с уклоном 'век воли не видать')- звучащая в местах многолюдных и популярных! - поэтому данные картины, созданные гениями всегда будут в лидирующих это бесспорно... Для рядового обывателя стало уже привычным, что тюремный мир им воспринимается как нечто таинственное, притягательное и даже чуть ли не священное. В порядке вещей, что даже среди 'бравых' подростков отсидеть в тюрьме - это круто и 'уважуха'! Разве не так? Рейтинг кинокартин - вещь очень важная, ибо по нему с лёгкостью можно дать оценку нашему мировоззрению, даже нашему бытию, а оно криминализировано, у значительной части людей это факт и навязано нам из вне! И на самом деле это очень печально что подобные картины занимают лидирующие места, ибо картины подобные жестоки, бесчеловечны и подчёркивают садистско-мазохистскую психологию зрителя безусловно, а где то даже её формируют... В доказательство моих слов - обратите внимание, что фильм 'Зелёная миля', занимающий второе место в рейтинге(!) - тоже о тюрьме! - Совпадение или закономерность? Подводя итог, хочется верить в то, что рано или поздно данные картины не будут стоять в первых рядах - их место займут другие, пусть даже сказочные... Но увы ждать этого придётся долго - пока не поменяется мировоззрение или пока его кто-то нам не поменяет!', Оценка =BAD
Автор ='Vsmisle', Название ='...ТЕЛО ВЗАПЕРТИ, РАЗУМ К СВОБОДЕ...', Рецензия ='Некоторое время назад, а это около трёх лет, после каждого просмотренного фильма я начал задаваться вопросом: что собственно дал мне его просмотр? Побег из Шоушенка датированный 1994 годом неоднократно показываемый центральными каналами, казался мне просто интересным. Посмотрев его сегодня, я отрыл что-то новое. Может так всегда, чего-то не понимаешь, чего-то ускользает в связи с возрастом и пересматривая спустя какой-то промежуток, даже затёртый до дыр фильм, видишь его совсем по-другому… Тюрьма здесь это декорация, как всеми признанное место заключения, место куда попадают люди провинившееся, преступники. Место лишения свободы, той свободы которой у нас и так нет, есть только чувство свободы. Здесь лишают именно этого, виновный ты или нет, «без вины виноватый». Если «вина сама притягивает правосудие», то Энди попал в тюрьму не случайно и вообще случайностей не бывает. Для Энди это стало уроком жизни, всё, что не делается к лучшему, каждое изменение закономерно. Эта была его дорога, пусть и не прямая, по которой он прошёл с честью, не смотря на все трудности, уготованные на его пути. Я долго думал, чем мечта отличается от надежды. Сегодня я понял это в полной мере, не зря главные герои постоянного употребляет именно слово «надежда». Каждый из них в подсознании на что надеется, Ред на досрочное освобождение, Энди хочет поехать в Зихуа – Тонаку, что более похоже на мечту, но только не в случае с Энди. Мечты более материальны, как это прозвучит не парадоксально, а надежда она сокровенна, это то, что действительно желаемо, от души…', Оценка =BAD
Автор ='Стас Борисенко', Название ='', Рецензия ='Первое место на Кино. Поиске этот фильм обошел такие фильмы как Титаник, Эдвард руки-ножницы, и другие шедевры мирового кинематографа, это меня заинтересовало, и что же мы увидели фильм с весьма простым сюжетом, с простой операторской работой, с простой режиссурой, с ужасными фразами от которых уши вянут, игра актеров на весьма среднем уровне, неплохая игра Фримана Моргана конечно вытягивает фильм, и единственная мысль во время просмотра когда же он закончиться, нет конечно фильм не ниже плинтуса но тем не менее после просмотра фильма били только плохие впечатления. В общем жалко потраченное время и трафик, я понимаю конечно многие думают что фильм о огромной силе воле, возможно да, но я видел фильмы с таким же смыслом с нормальными диалогами, без тюрьмы, и которые оставляют хорошие впечатления, всё просто и неинтересно.', Оценка =BAD
Автор ='Королева Пиратских островов', Название ='Выпил… убил - В ТЮРЬМУ! Романтика…', Рецензия ='Вот и просмотрен «лучший фильм всех времён и народов». Просмотрен и отправлен «в корзину» вместе с иллюзиями и впустую потраченным временем. Единственное чувство, которое он заставил испытать: недоумение. За что это средненькая картина удостоена столь высоких оценок и восторженных откликов зрителей? «Побег из Шоушенка» - серый, нудный, скучный, не приятный фильм без какой-либо интриги и изюминки. Чтобы удостовериться в своём умственном благополучии, мною были прочитаны почти все положительные отзывы к работе Фрэнка Дарабонта. Думала, может, я не поняла всей гениальности данного произведения. И что я увидела? Подавляющее большинство восторженных зрителей в один голос утверждают, что это лучший фильм о свободе, о надежде и о мужской дружбе. Так вот с этим-то я в корне не согласна. Это не лучший фильм о свободе и надежде. За более чем столетнюю историю существования кинематографа об этих бессмертных понятиях было снято огромное количество фильмов. Трудно вспомнить все. Но остановимся хотя бы на гениальном «Храбром сердце», где речь идёт о свободе и надежде целой нации, целой страны, целого народа. Неужели трагическая судьба Энди Дюфрейна способна тронуть больше сердец, чем фильм Мэла Гибсона? Фильм о силе, воле, человеческой стойкости, мужественности? Да тот же «Гладиатор» с легкостью переплюнет «Побег» по этим пунктам. Конечно, отдам должное, Энди Дюфрейн не потерял человеческое лицо, просидев в тюрьме 20 лет. Хотя данный факт меня больше настораживает, чем восхищает. Как-то неправдоподобно и нелепо смотрится эта любовь к классической музыке и чтению вперемешку с грязными тюремными буднями. О мужской дружбе тоже можно сказать многое. И здесь я увидела не столько дружбу, сколько людей, вынужденных стать близкими силой обстоятельств. Это не нормальные дружеские отношения в здоровой среде. (Уж простите, тюрьму я к таковой не отношу.) Энди и Рэд – люди разных слоёв. У них разное образование, воспитание, понятия, интересы, идеалы. Такие люди не могут быть друзьями – это лишь вынужденное существование вместе. Вот и всё. Да в попсовом боевике «Полиция Майами: Отдел нравов» мужская дружба тронула меня гораздо больше, чем в этом «шедевре». К тому же, само название фильма – уже спойлер. Даже смотреть не нужно: прочитал заголовок и понял: с чего действие начнётся и чем закончится. И для чего бело разводить этот предсказуемый сюжет почти на два с половиной часа? Сидишь и думаешь, когда же, наконец, титры по экрану побегут. Фильм не держит в напряжении, ничему не учит и заканчивается по сказочному красиво. Смешно даже, ей Богу. С одной стороны – для фона взята тюрьма, характеризующая суровую реальность и действительность, а с другой – «добро побеждает зло» и Энди не сдаётся. Хотел Фрэнк Дарабонт снять сказку – пожалуйста, снял бы тогда что-нибудь красивое и не заморачивался бы с этой тюремной тематикой. А то какая-то нелепица получилась. Сюжет Алексанра Дюма, переписанный Стивеном Кингом на новый лад, не произвёл на меня никакого впечатления. Бездушный плагиат, уступающий во всём оригиналу. В итоге мы получаем: вполне обычный продукт кинематографа, с неплохой режиссурой и местами хорошей актёрской игрой (спасибо великолепному Моргану Фриману), полностью предсказуемый, по-голливудски пафосный, неправдоподобный и не приятный. И чем же этот фильм лучше непревзойдённого «Титаника», бессмертных «Офицеров», прекрасной «Истории любви»? Это ненормально, что фильмы про тюрьму и заключённых занимают первые места в рейтингах. Народу не нужны добрые семейные фильмы, не интересны истории о чистой любви, о героизме, о верности, преданности, несокрушимых идеалах. У нас в лидерах: тюрьмы, преступники, мафия, криминал и психи. Вот этой грязи предостаточно. И «Побег из Шоушенка» лишь один из тысячи в бесконечном списке переоценённых и раздутых кинолент. За режиссуру и Моргана Фримана ставлю: 3 из 10', Оценка =BAD
Автор ='sashanpsk', Название ='Типичное голливудское кино.', Рецензия ='Не всем рейтингам я доверяю, но решил рискнуть и посмотреть `Побег из Шоушенка`...Все-таки интересно, за что дают такие высокие оценки и что вообще нравиться нашему зрителю. Посмотрел, подумал и решил, что кино простенькое и обычное. Нет, конечное же посредственным его не назовешь, в нем есть сюжет, красивая игра актеров, добро побеждает зло...это из того, что понравилось.Из того, что в фильме не понравилось: сюжет прозрачен и прост до безобразия. Итог: обычное кино с обычным сюжетом и ничего более. Высокого смысла в нем искать не следует, так как там его просто нету, зато есть нормальна игра актеров и хорошая мораль: `добро всегда победит зло`. Моралистам и любителям типичных голливудских фильмов - смотреть обязательно! 5 из 10', Оценка =BAD
Автор ='mrSt16', Название ='Плохой отзыв', Рецензия ='За время моего знакомства с кинопоиском я в определенной степени стал доверять ТОП 250. Именно лидерство 'Побега из Шоушенка' заставило меня посмотреть этот фильм. Мне не понравилось. Я объясню почему. Во-первых это не лучший фильм про побег из тюрьмы, не лучший фильм о тюрьме и не лучший фильм о свободе из тех, которые я видел. Если рассматривать человеческие отношения, то о них повествуется достаточно вяло, однобоко и, по-честному, не очень интересно. Во-вторых очень слабый сюжет практически без динамики и с очень предсказуемым финалом. Можно с легкостью предугадывать чуть ли не каждую фразу героев, не говоря уже о действии и событиях. Первая половина фильма вообще хорошее снотворное для зрителя. Поймите меня правильно - я не любитель 'экшена', но здесь и смысловая нагрузка здорово хромает. Задайте себе вопрос 'о чем фильм?' и сможете ответить двумя - тремя фразами. И последнее. Фильм не хочется пересматривать. Мне не хочется. В нем все слишком поверхностно и предсказуемо.', Оценка =BAD
Автор ='Dim4ig', Название ='Непродуманный побег...', Рецензия ='Только что посмотрела легендарный фильм Фрэнка Дарабонта `Побег из Шоушенка`. Впечатления он на меня не произвёл, а всё потому, что актёры играют невнятно и сюжет высосан из пальца. Отдельно хотелось бы отметить Моргана Фримена, которому не подходит образ ирландца Рыжего. Весь фильм он ходит с одним выражением лица, ни чувств ни эмоций. Сюжет так вообще весь состоит из ляпов и несуразиц. Вывод: лучше уж ещё раз посмотреть `Побег из Алькатраса` 2 из 10', Оценка =BAD
Автор ='Alina_23', Название ='самый лучший фильм?', Рецензия ='Сразу скажу, что фильм мне понравился. Люблю Фримэна, уважаю Роббинса. Читаю Кинга. Но рецензия красненькая. Объясняю: В списке IMDB (как и на Кинопоиске) часто плавают фильмы, иногда вылезая и на второе место в списке, а потом опускаясь на сто девяносто третье, и т.д. Картина меняется. Но неизменно одно: 'Побег из Шоушенка' на первом месте. На сайте есть практически вся фильмография человечества, но лучшей остается эта история. Да, история неплохая, как и постановка фильма. Но разве это лучшее, что создал мир за более чем столетнюю работу? Это - то, что волнует людей? Самое насущное? Более глубокое, чем 'Форрест Гамп'? Более классическое, чем 'Титаник', негласно объявленный must see? Телевидение игнорирует 'Побег'. Видела в последний раз в прошлом или позапрошлом году на ТНТ. Следовательно, массы его не так уж и любят? Мне непонятно. Непонятно, чем этот фильм выделился из общей массы. Его не хочется пересматривать, нет блистательного саундтрека, видеоряда, волнующего сюжета. Просто добротный фильм. Один раз к просмотру. Если кто-то может объяснить мне, почему он лучший, напишите в сообщении. Буду признательна.', Оценка =BAD
