Автор ='1985', Название ='', Рецензия ='Фильм действительно феноменален и гениален, но его феноменальность и гениальность, по-моему, прежде всего состоит в идее, которая пронходит через весь фильм. Это идея своего рода – тонкая нить, про которую нельзя никогда забывать. В этой идее отображены, по-моему, одни из самых главных вещей в мире: стремление к свободе (мечте), вера в себя и свои силы. Главный герой показывает, что никогда нельзя отчаиваться, как бы безнадежно не выглядела ситуация в которую ты попал (в этом, на мой взгляд, состоит бессмертность и современность, как фильма так и книги Стивена Кинга). Конечно нельзя не выделить актерскую игру Тима Роббинса и Моргана Фримана. Герой Роббинса не просто человек, которому удался побег из одной из самых неприступных тюрем (хотя это ему удалось с блеском!), он человек в своем роде бросивший вызов системе правосудия, которая, несмотря на всю свою якобы совершенность иногда допускает роковые ошибки и конечно же он тот, который показал, что даже за самыми крепкими и высокими стенами в неволе, можно чувствовать себя свободным человеком и быть таковым, насколько это возможно. Его персонаж, на первый выглядевший как «тюфяк», на самом деле оказывается очень сильной и цельной личностью, который не теряет веру в себя и способен сам управлять своей судьбой, и который не боится принимать решения и идти на поступки от которых зависит вся его дальнейшая судьба и жизнь. Очень характерно и то, что своей силой воли он заражает и других окружающих и общение с ним меняет людей навсегда. Морган Фриман играет же так называемого «тюремного человека», т.е. человека который большую часть своей жизни провел за решеткой. В тюрьме он значимая фигура, он может достать все, что вам необходимо; здесь у него авторитет и уважение. Несмотря на все это он все же мечтает о свободе (как наверное и каждый отбывающий срок человек), однако, с годами надежда потихоньку ускользает от него и с каждым собеседованием о досрочном освобождении он теряет ее (надежду) все больше и больше. С момента попадания в тюрьму Энди Дюфрейна (Т. Роббинса) и их знакомства, он начинает меняться – незаметно для окружающих и даже для себя самого, ведь эти изменения внутренние, своего рода душевные и мировоззренческие. Вообще, созданный Фриманом образ очень глубок и содержателен – очень характерны сцены переосмысления своей жизни и понимание своих ошибок прошлых лет, собственно те из-за которых он и попал сюда. Также нельзя не отметить его голос за кадром, комментирующий всю историю. Очень выразительны и великолепны фразы в конце фильма (не буду раскрывать, кто захочет, тот посмотрит, и надеюсь, также оценит).', Оценка =NEUTRAL
Автор ='God of emptiness', Название ='', Рецензия ='Такое ощущение как будто я сам отсидел в Шоушенке. Это чувство не покидало меня, когда фильм пересек середину своего хронометража. Фильм всего идет 2:20, но из-за размеренности, неторопливости фильм лично мне показался очень долгим. Отсутствие резких моментов, помимо драк, которые там были, фильм по-черепашьи крадется к своему логическому завершению. Но не это главное в этом фильме. История совершенно о другом. Если вспомнить то практически все фильмы на тюремную тематику несут с собой выяснение кто на зоне хозяин, интрига, стычки и.т.д. «Побег из Шоушенка» это нечто другое. Это фильм о человеческих судьбах, о дружбе, о том, как остаться человеком, надежде. Зрителя не может не тронуть история настоящей дружбы. Дружбы, которая завязалась в столь злачном месте как тюрьма. Дружба настолько светлая и преданная, что даже сидя у экрана, невольно задумываешься над тем, а такие же друзья окружают тебя. Фильм о надежде. Именно она дает нам силы на то что бы жить. Мы станем свидетелями как один человек, который не потерял надежду, дал ее своему самому дорогому человеку, который терял надежду вот уже сорок лет. Сам побег в фильме отходит на второй план, а возможно даже на третий. Мы, конечно, понимаем, что в итоге главный герой сбежит, и сбежит так дерзко, что Майкл Скофилд позавидует. Практически за весь фильм, кроме момента побега, о побеге даже речи не пойдет. От чего сам побег в конце подарит эмоциональный подъем у зрителя. На протяжении всего фильма особой интриги не наблюдается. Да и история в некотором смысле не правдоподобная. Все же это тюрьма, а тут зек вешает плакаты распутных девиц себе на стены в камере. Да и, в общем, свобода заключенного (главного героя) не передается объяснению. Да и бог с ним, если создатель видит фильм таким, значит нужно принять его, и смотреть таким, какой он есть. Фильм замечателен своей идеей, сценарием, актерской игрой. Рука не поднимется поставить ему ниже десяти.', Оценка =NEUTRAL
Автор ='Алёна', Название ='', Рецензия ='Стыд мне и позор! Я вчера посмотрела этот фильм первый раз. Почему я не видела его раньше? Не могу понять, как такое потрясающее кино прошло мимо меня :( Игра главных актеров просто изумляет и заставляет переживать вместе с ними... А проклятого начальника тюрьмы мне отчаянно хотелось превратить в крысу и наступить на него, чтоб и не пикнул даже! Кстати, он очень похож на крысу, такого вредного, опасного и малодушного создания... Тим Роббинс и Морган Фриман неподражаемы! Посмотрев этот фильм, понимаешь, как нужно дорожить свободой и всем тем, что дает тебе жизнь и не размениваться на алчность, предательство, мелочность и злость... "Побег из Шоушенка" учит тому, что прежде всего необходимо оставаться Человеком, куда бы не забросила тебя судьба и какие бы сюрпризы не проиподнесла! Браво режиссерам, актерам и конечно же Стивену Кингу, его произведения вечны!', Оценка =NEUTRAL
Автор ='Trokvedlu', Название ='Бороться всегда! Бороться за свободу!', Рецензия ='Первый раз я посмотрел этот фильм в 15 лет, тогда признаться я ничего не понял кроме того, конечно, что фильм очень серьезен (это я заметил по выражению лица своего отца, находившегося рядом). И вот, по прошествию одного года, я вновь увидел в ТВ-программе, среди кучи бессмысленных названий и букв, два знакомых слова, которые я жаждал увидеть целый год - 'Побег из Шоушенка'... И вот, когда лента Фрэнка Дарабонта наконец просмотрена мной, я понял какой ответ на вопрос, над которым думают и всегда думали Величайшие философы Земли - 'в чем же смысл жизни?' Этот фильм дает нам (зрителям) прекрасный ответ на этот философский вопрос - 'В ВЕЧНОЙ БОРЬБЕ И ИЗБАВЛЕНИИ'. Кратко о своих мыслях по поводу: Признаться, мне, вглядывающемуся в длинные титры после конца этого фильма, на ум приходили самые странные, а порой даже пугающие мысли... 'Побег из Шоушенка' - это история воина, рёнина (самурая без господина), история его борьбы за свободу, за собственную честь, за жизнь. Достаточно вспомнить отталкивающие моменты, когда главный герой через, простите, массу тюремного дерьма - метр за метром пробирается к свободе, к заветному тусклому свету ночного светила, утопающего где-то в бесконечных потоках серого дождя. Вот, на мой взгляд, важнейший момент всего фильма... PS 'Побег из Шоушенка' - воистину эпохальное творение, смотрите этот фильм. Ведь как ни какая другая кинолента, эта воспитывает людей, уча ценить то, что у Нас есть: любовь родных, любовь друзей, Нашу Честь, а главное Нашу Свободу.', Оценка =NEUTRAL
Автор ='Gretchen', Название ='Он не заплакал.', Рецензия ='Многие люди судят о фильме по названию. К сожалению, я тоже. 'Побег из Шоушенка'- наверняка там кто-то сбегает из тюрьмы, придумав неплохую комбинацию. В чём смысл? И как оказалось, иногда смысл в фильме далеко не главное. Да, звучит абсурдно, но подчас игра актёров, внутренний замысел фильма и передаваемые режиссёром чувства, приковывают вас к экрану сильнее, чем любой запутанный детектив или великолепная комедия. То, что несёт вместе с собой 'Побег из Шоушенка' практически ни с чем не сравнимо. Хотя что-то похожее есть в 'Зелёной миле'. Нет, этот фильме не о свободе, не о нравах, не о людях, не о событиях. Он о мечте...не о той, что сидит у нас в голове, и мы каждый день её себе представляем. Нет. Тут мечта иная, душевная мечта. У каждого человека есть любимый фильм. Но он не смотрит его каждый день, а просто любит, и знает это. 'Побег из Шоушенка' стал одним из моих любимых фильмов, но не самым. Но почему то именно его я готова смотреть хоть каждый день. Этому фильм не требует оценок. По оценкам судят, а его судить нельзя.', Оценка =NEUTRAL
Автор ='il brutto', Название ='Экзистенциальная драма', Рецензия ='Ни много, ни мало, но считать этот фильм менее великим уже кажется преступлением. «Побег из Шоушенка» (кстати, более глубокий и близкий к оригиналу перевод — «Искупление Шоушенком») – это квинтэссенция самых гениальных образов и замыслов, когда-либо существовавших в мире кинематографа. Фильм вобрал в себя абсолютно всё, начиная бытовой драмой и заканчивая психологическим анализом человеческой сущности и личности. Ленте было предначертано стать культовой. Фильм, полностью проигнорированный Американской киноакадемий, все же смог пробиться в ряды лучших из лучших, найдя признание у миллионов кинолюбителей. И не стоит говорить, что миллионы мух не могут ошибаться. Здесь абсолютно другая ситуация. Просто режиссеру ленты Френку Дарабонту случилось снять то, что смогли понять многие. Поэтому его ленте не стоить уходить в ряды арт-хауса, по причине «малого признания». Так же не стоит забывать о сценарии сего творения. Как говорил маэстро Хичкок: «В фильме должно быть три вещи: сценарий, сценарий и ещё раз сценарий». Небезызвестный автор мистических ужасов, чьи книги «подвергались» экранизации не менее 50 раз, Стивенг Кинг, предоставил для воплощения на экран свою гениальную драму о Настоящем Человеке. Можно смело заверить, что самых удачных и наиболее продуманных фильмов по его произведениям всего 3, которые уже стали незыблемой классикой. «Сияние» Стенли Кубрика и «Побег из Шоушенка», «Зеленая миля» режиссера Френка Дарабонта. Если первая лента, это интеллектуальный мистико-психологический фильм ужасов, то два других фильма это жанр «экзистенциальная драма» (можно ещё добавить ‘тюремная’). Конечно, можно ещё вспоминать, как в детстве нравилось «Оно», как недавно была выпущена довольно оригинальная «Мгла», но всё-таки из всего ряда экранизаций, «Побег из Шоушенка» лучшее, что было перенесено на экран. С ювелирной четкостью, Дарабонт поставил этот фильм, выбрав отличное место для съемок и хорошо прочувствовав стиль произведения и характеры его героев, выбрал лучших из лучших актеров, которые будто бы были рождены для ролей в этом фильме. В картине полностью отсутствует неразбериха и сумбурность, которая иногда присуща картинам подобного жанра при условии неправильно подобранных актеров. Здесь у каждого героя есть свой образ, свой характер… Своя судьба. Морган Фриман и Тим Роббинс создали, пожалуй, лучший экранный дуэт, каждый отразив что-то свое в своих героях. Они сумели воплотить в своих образах Жизнь. Более жестокую и опасную. Которая, впрочем, также требует силы воли, хладнокровности и жестокой расчетливости. Энди лишили свободы за преступление… Преступление, которое он не совершал. И стоит задать вопрос, так кто же после такого может считаться нарушителем закона?', Оценка =NEUTRAL
Автор ='white_fluffy', Название ='', Рецензия ='Что ж, наш герой на этом не останавливается: он начал прислуживать (да-да, именно прислуживать; словом служить это никак не назовешь) своему начальнику, проводя для него мошеннические операции. В связи с таким хорошим расположением к Энди администрации, его переводят на другое место работы – он теперь занимается библиотекой. 6 лет ему понадобилось на то, чтобы добиться от властей следующего: в Шоушенк начали приходить с определенной регулярностью новые книги и пластинки. Еще он начал преподавать для одного парнишки – Томаса, который даже не умел толком читать. И что, думаете, он занимался этим потому, что ему это действительно приносило удовольствие? Сомневаюсь. Просто, вероятно, Энди жил по принципу «Цель оправдывает средства»: цель – доверие, средства – любые. И что в итоге? Да, он добился своего. К нему перестали ходить с проверками, никто бы и не подумал, что он замышляет побег, а вернее вовсю, начиная с первого года своего пребывания в Шоушенке, готовиться к нему. В наше время побеждает человек хитрый, предприимчивый и внимательный. Таким и был Энди. Остальные люди, не обладающие названными качествами, а нашем случае это начальник, охрана, сокамерники – остаются в проигрыше. Первый – заканчивает самоубийством, охранников арестовывают, ну а прочие заключенные продолжают коротать свой век в колонии Шоушенка. Когда-то им казалось, что они использует Энди…а оказалось, что он ими умело вращает в своих руках… II Здесь я хотела бы рассмотреть проблему смирения со своим положением, со своей участью на примере трех заключенных: Брукса, Энди и Рыжего. Брукс. Уходить из тюрьмы он не хотел – слишком много времени он здесь провел; он нашел себя в работе – в библиотеке. Почти все, до каждой мелочи в его жизни было связано с Шоушенком. Здесь он кто-то, за его пределами он – никто. Так собственно и оказалось, он, будучи не в состоянии (а может и не желая вовсе) наладить свою жизнь на воле, накладывает на себя руки. А действительно, что еще оставалось делать? На воле у него не было ни семьи, ни друзей (тем более, Брукс был уже в преклонном возрасте). А тот ворон – Джеймс, которого Брукс считал своим другом, нам лишний раз демонстрирует, подчеркивает его одиночество. Он, словно отражение этого ворона – живет долго, одиноко, непонятно, зачем и непонятно, кому нужен. Энди. Да, как мы уже видим, он хотел, очень хотел выбраться из Шоушенка. Всеми силами он рвется на свободу. Однако внешне он это никак не показывает; он силен духом; он, словно та лошадь, на которую надели шоры, и она идет прямо, не сбиваясь с пути, идет лишь по одной дороге – по дороге на волю. Энди было проще, чем, например, Бруксу, у него была цель не просто выбраться отсюда, он еще и хотел открыть гостиницу в сказочной земле, на юге Америки, которая, как говорил он сам, не имеет памяти; вероятно, он имел в виду, что там он может начать свою жизнь заново, с нуля. Таким образом, у нашего героя было нечто связующее на той земле, которая была ему еще недоступна, и поэтому он всей душой хотел оставить ненавистный ему Шоушенк... Рыжий. Кажется, по прошествии такого огромного срока проживания в колонии, ему уже было все равно – остаться здесь или же покинуть Шоушенк – Рыжий смирился. Да, действительно, сначала он хотел выбраться (собственно, это логичное желание), на заседании он говорил, что «исправился, не представляет угрозы для общества». Но таким «сказкам» у нас не принято верить. И поэтому Рыжему отказывали в освобождении от пожизненного заключения. Но придя на заседание в четвертый раз, когда он провел уже в тюрьме 40 лет, он даже ни на что больше не надеялся, говорил, что ему уже все равно, где он будет доживать остаток своих лет. И что теперь? Его отпускают. Почему? Как мне кажется, мы способны в большей мере доверять тем людям, которые не клянутся в том, что они теперь «такие хорошие», а тем, которые говорят просто, которые уже смирились со своей участью. Ну, а коли смирились, значит, избавились, значит, теперь они действительно осознали весь свой грех, все свои ошибки, а, следовательно, теперь они по-настоящему «не представляют угрозу для общества». И плевать, что у некоторых на это уходит 40 лет жизни. Ведь кто-то вообще никогда не осознает своей неправоты, кто-то вечно будет жить в иллюзиях. И, подводя итог вышесказанному, еще раз подчеркну, что, как бы то ни было странно, но все же, смирение – вот то, что приведет нас в итоге к желаемому, к действительно желаемому.. Фильм полон интересных моментов, неожиданных поворотов сценария; посмотрев его, невозможно остаться равнодушным, он непременно каждому из нас даст почву для размышления.', Оценка =NEUTRAL
Автор ='Liberto', Название ='', Рецензия ='- Мексиканцы говорят, что у океана нет памяти… Один из самых неоднозначных писателей современности – Стивен Кинг. Не известно, что ждать от каждого следующего его творения: оно может оказаться как шедевром мировой литературы, так и бесполезной книжонкой, зря отнимающей время. Такая же история и с экранизациями писателя. При выходе новой картины, сделанной «по Кингу», зритель имеет привычку настораживаться, ведь неизвестно, насколько хорошей либо плохой она будет. Немало режиссеров изрядно подмочили себе репутацию, неудачно экранизировав самого экранизируемого писателя во вселенной. Не обошелся без этого и Фрэнк Дарабонт, казалось бы идеальный режиссер для «Кинговских романов». Несколько лет ничего не снимая, он попытался вернуться с фильмом «Мгла». Что уж говорить, возвращение не состоялось. Зато, с каких фильмов Дарабонт начинал – «Побег из Шоушенка» и «Зеленая миля» – два великих кинопроизведения, действия в которых развиваются в жутких тюрьмах. Но если «Зеленая миля» – это кино о потерянных (несбывшихся) возможностях, то «Побег из Шоушенка» – о надеждах. Главный герой ленты – Энди Дюфрейн, личность очень интересная и яркая. Поэтому, проанализировав действия героя на протяжении девятнадцати лет, проведенных им в тюрьме, можно узнать о нем немало интересного. Причем характеризовать Энди можно как с положительной стороны, так и с отрицательной… Энди Дюфрейн – невинная жертва … Надежда – как много скрывается в этом небольшом слове. Только надежда на лучшее позволяет человеку пережить трудный участок жизни… только надеясь, можно придти к чему-то хорошему. И Энди это понимал. Попав в самый настоящий ад, под названием Шоушенк, где глава охраны мерзкая личность, при любом случае хватающая дубинку и избивающая тебя до полусмерти; где осужденные, лишенные женщин, насилуют тебя; где начальник тюрьмы за малейшую оплошность сажает тебя в карцер; он не сдался, и продолжал верить в лучшее, надеясь когда-нибудь выбраться оттуда. Даже находясь в неволе, Энди продолжал наслаждаться каждой прожитой минутой; на тюремном дворе, где вокруг колючая проволока и угрюмые охранники с ружьями наперевес, он словно гулял по парку… на него не действовал удручающий эффект стен Шоушенка. Именно в тюрьме Энди познакомился со своим лучшим другом – Рэдом. Разговорами поддержав того, он заставил Рэда по-новому взглянуть на свою жизнь. Заново переосмыслив ее, Рэд понял, что в жизни главное, и во время прочтения им письма Энди, невозможно сдержать слезы… … или хладнокровный гений Но, у каждой медали есть обратная сторона. Вы никогда не задумывались над странным поведением Энди в суде… ведь он, понимая, какой срок ему светит, совсем не пытался себя защищать, скорее даже наоборот – своими действиями он будто напрашивался на пожизненный срок. И почему полиция так и не нашла пистолет Энди, якобы выброшенный им в реку? Так может быть и убийство жены, и пожизненное осуждение были лишь частью масштабного плана? Помните ту загадочную улыбку Энди, когда осужденные пили холодное пиво на жаре? Вполне вероятно что он понимал: план работает. Разве мог добропорядочный гражданин, никогда не нарушающий закон так разбогатеть? Думаю, нет. А в тюрьме, прикрываясь другим человеком, он это сделал… и зажил как человек, без хлопот и обязанностей. Наслаждаясь жизнью на красивейшем острове… Обе эти идеи, касательно личности главного героя, вполне имеют право на существование. И хотя большинство зрителей, думаю, сойдутся во мнении, что Энди Дюфрейн все-таки жертва… но кто знает… А что собственно по фильму? На мой взгляд, это гениальное Кино, которое снимают один раз в несколько лет. На первый взгляд простая, линейная драма скрывает за собой нравственную философскую причту. О том, что жизнь не бывает идеальной. Она, как правильно говорят, полосатая… и если наступил тяжелый период, нужно бороться и надеяться… и все получится… Думаю, не стоит рассказывать об актерах, работе оператора и музыке… все было уже сказано и написано. Мне лишь остается подвести итог. «Shawshank Redemption» – это Кино с большой буквы. Не хочу называть его шедевром, потому что для каждого это слово имеет собственный смысл, но то что это Кино на все времена, отрицать не стану. Посвящается замечательному собеседнику и просто хорошему Человеку – ugar’y (истинному поклоннику данного фильма).', Оценка =NEUTRAL
Автор ='Lezvie_13', Название ='Можно убежать из Шоушенка. Не пытайся убежать от себя.', Рецензия ='Хороший фильм. Но я разочарована. Я ждала большего от фильма, который негласно считается лучшим. Хороший, сильный, глубокий...но не лучший. Да простят меня поклонники. Что же сказать в свое оправдание... Хм..скажу, что Граф Монте-Кристо в свое время впечатлил меня куда больше. За время просмотра сложилось ощущение, что фильм идет 4 часа. Расценивайте это как хотите. Игра актеров на высоком уровне, да. Мне понравилось. Очень много 'американского', чисто американского в фильме. Хотела еще добавить, что действие фильма охватывает, скажем, не один десяток лет, но не меняется ничего. Ни цветность, ни одежда, ни обстановка. Даже лица не настолько изменяются. Хотя они ведь не на курорте, они в тюрьме. Вы осудите за то, что я так прицепилась к деталям и сочтете меня занудой.. Но я просто не смогла понять, почему он лучший. За что? Я честно искала. Я нашла смысл фильма, нашла идею, много чего другого. Но я не нашла ничего уникального. Пусть для многих и многих он будет лучшим, для меня всего лишь хорошим. Несмотря на это, 10 из 10 он заслужил.', Оценка =NEUTRAL
Автор ='Admin_67', Название ='', Рецензия =''Побег из Шоушенка' занимает вторую строчку в 'Топ-250' лучших фильмов по зрительскому голосованию на imdb.com, и столь высокое положение является для меня неразрешимой загадкой. Картина Фрэнка Дэрэбонта снята на студии 'Кастл Рок энтертейнмент', и является канонической экранизацией произведений Стивена Кинга. Канон был задан Робом Райнером в фильме 'Останься со мной' (1986), и с тех пор остался неизменным: глянцевая иллюстративность, неторопливость повествования, наличие в кадре популярных или, во всяком случае, одаренных актеров. Обычно перед режиссерами, рискнувшими экранизировать 'что-нибудь из Кинга' стоит непростая задача: слить лишнюю воду, которой в романах Стивена пруд пруди. Дарабонт сделал все с точностью до наоборот: взял маленький рассказ 'Рита Хейворт и побег (искупление) из Шоушенка' и растянул его до полнометражного фильма, длящегося более двух часов. И я не могу сказать, что зрелище получилось шибко увлекательным. Это простая история о том, как обвиненный в двойном убийстве вице-президент крупного банка попадает за решетку. Приговор: два пожизненных заключения. Даже будучи узником, Энди Дюфресн развивает бурную деятельность: открывает библиотеку, зачинает бизнес под покровительством 'набожного' директора тюрьмы. Через 20 лет у Энди появляется шанс выйти на свободу, — один из молодых заключенных, которого Энди учил грамоте, рассказывает, что в месте прошлой отсидки он якобы видел и слышал человека, который признался по секрету, что убил гольфиста и его любовницу, жену какого-то банкира, и что обтяпал дельце так ловко, что вместо него за решетку отправился банкир. Энди пытается ухватиться за шанс, но директор тюрьмы не намерен терять 'золотую жилу' и убивает единственного свидетеля… Фильм хорош финалом. Долгий, длинный, счастливый финал вопреки ожиданиям не отдаёт приторностью, характерной для большинства подобных картин, но наделяет фильм осмысленностью и позитивизмом. И это притом, что Дэрэбонт на протяжении всего фильма отнюдь не сгущал краски, и даже не пытался живописать тюремные ужасы. Любопытно то, что Энди Дюфресн, выдав в библиотеке одному из зеков 'Графа Монте-Кристо' и анонсируя книгу как 'роман о человеке, который бежал из тюрьмы; тебе понравится', в конечном итоге становится антагонистом графа. Тогда как графом Монте-Кристо двигает личная месть, Дюфресном руководит чувство юридической справедливости. Находясь вне закона (заслуженно или незаслуженно — это уже не имеет значения), Дюфресн пытается действовать в рамках этого самого закона и лишь прикладывает руку к тому, чтобы директор тюрьмы понес наказание за убийство человека и 'коррупцию в тюрьме'. В тюрьму прибывает полиция, и директор кончает жизнь самоубийством. Это еще один любопытный момент в фильме, наводящий на размышления о реальной степени виновности Дюфресна. Дело в том, что в одной из предыдущих сцен мы становимся свидетелями рефлексии Энди. Утверждая, что не стрелял в жену, Энди, тем не менее, считает себя косвенно виновным в ее смерти. В директора тюрьмы он также не стрелял, но пуля нашла свою цель. Таким образом, Энди Дюфресн является человеком, с которым рука об руку идет смерть, и сей факт придает персонажу особую глубину и многомерность. 7 из 10', Оценка =NEUTRAL
Автор ='Порт555', Название ='', Рецензия ='Дверь чуть приоткрыта. Слышны голоса... Трое, а может и четверо, что-то обсуждают. Не спорят, нет; наоборот, смеются, убивая обеденное время чашкой кофе и дешевой сигаретой, шутя, меж тем, о насущном. Книжные полки за спиной забиты: томики модного Стивена Кинга перемежаются с невесть как оказавшимися в тюрьме трактатами Канта. Впрочем, хаос царит и на столе - ленивые мухи ползают по давно опустевшим тарелкам, а в воздухе витает тяжелый аромат дыма и безнадежности, присущий здешним местам. Обед закончился - пора работать. Сегодня в Шоушенке новобранцы; местные старики поспорили о том, кто сломается первым. Бывает, новичок не может протянуть даже день - и вот счастливчик, сделавший верную ставку, наутро имеет дюжину отменных сигарет из Другого Мира. А остальные несчастные, тем временем, все еще не могут смириться с мыслью о том, что свобода - лишь миф... Оглушительный свист и гул хорошо слышны в длинных коридорах старой тюрьмы; сложно представить, что творится на улице. Если верить заключенным, мать каждого прибывшего в молодости была женщиной легкого поведения - мягко сказано. Низкий толстяк кричит о своей невиновности - его голос утопает в сотнях других. Сегодня новичков 10. Двое чернокожих, остальные - белые, один из которых итальянец. Осужденные построены в ряд, словно на школьной линейке. Из недр старой тюрьмы выходит мужчина лет 55: волосы причесаны, светло-серый костюм идеально чист и гладок, а в руках Библия... ...Прошло 7 лет. Грязные стены словно впитывали грехи осужденных; чтобы не замечать плесень, Энди повесил изображение некой актрисы на стену. Он думал о побеге и о чем-то еще - о том счастье, которое имеют все, но никто не замечает - о свободе, проще говоря. Временами Дюфрейн хотел покончить с собой... нет, это удел слабых. Счастливое детство мелькало полузабытыми картинками; близкие люди остались в памяти нелепыми изображениямя, полутенями из прошлой жизни, недостижимой мечтой. Грезить о свободе было глупо, но надежда была единственным светлым чувством в этом гнилом месте, и расстаться с ней - все равно, что погибнуть... Шли годы. Энди все больше думал о смысле жизни - вернее, о её быссмысленности. Сегодня ты сидишь в уютной конторе, заполняя бумаги и выписывая кредиты, а завтра получаешь два пожизненных. Такова жизнь, Бальтазар, ничего не поделаешь. Как же нелегко ценить то, что есть, и как же больно вспоминать о своей слепости впоследствии; насколько глупы те люди, что кричат о несправедливости жизни, об ущемлении прав - если и есть истинная несправделивость, то она здесь. А все же, хорошее место - тюрьма. Только здесь можно научиться ценить свободу.', Оценка =NEUTRAL
Автор ='Idalie', Название ='', Рецензия =''Тюрьма' - самое отрезвляющее слово на свете. Жизнь вовсе не игра. Если кто-то думает, что это игра, то он рано или поздно доиграется. Правила в ней самые жесткие и часто жестокие. Возможный финиш - тюрьма. А тюрьма - это безнадежность. Что чувствуют люди, когда попадают в бездну безнадежности, грязи, жестокости и отчаяния? Можно ли сохранить человечность, не только не потерять себя, а еще и обрести силу в таких условиях? Для меня этот фильм как гимн неистребимой жажде жизни, фильм о силе и величии человеческого духа, о победе над страхом, и еще о многих очень важных вещах. Прекрасный, практически идеальный фильм, финал которого не раздражает, а дарит надежду и радость.', Оценка =NEUTRAL
Автор ='Hakasims', Название ='', Рецензия ='Всякий раз, когда какой-нибудь фильм занимает первую позицию в более или менее значимом списке лучших фильмов по версии какой-то там очень авторитетной группы критиков, возникает закономерный вопрос: почему именно этот фильм? чем он лучше тех, что стоят в списке ниже или вообще не попали в топ? И тогда знающие или считающие себя таковыми люди начинают рассуждать о цельности сюжета, глубине мысли, тонкостях актёрской игры, мастерском монтаже звука и прочих слагаемых успеха. Другое дело – когда топ лучших фильмов составляется по результатам голосования простых смертных, которые киношкол не оканчивали и дипломов по «Гражданину Кейну» не писали. Особенно если номер один совпадает сразу в нескольких списках. Тогда возникает другой закономерный вопрос: что может настолько цеплять в одном фильме огромное количество людей из разных стран и культур, получивших разное воспитание, посещающих разные церкви и предпочитающих разные жанры в кино? Разумеется, «Побег из Шоушенка» снят по талантливо написанной повести Стивена Кинга, персонажи и актёрская игра не оставляют равнодушным, а общая атмосфера фильма идеально сбалансирована для того, чтобы дать зрителю ощущение длительного пребывания в тюрьме, но при этом не позволить заскучать. Также фильм всерьёз погружает в мир заключённых, вскрывая их проблемы: плохие жизненные условия и необразованность, зачастую толкающие неопытных молодых людей на кривую дорожку, и, конечно, возможность для бывшего заключённого приспособиться к жизни на воле – гораздо более сложная задача, чем может показаться. Однако очевидно, что не это выделяет «Побег из Шоушенка» среди других картин. Как правило, если фильм достучался до обычных людей, которые смотрят не критическим глазом, а сердцем, всё дело в посыле этого фильма, в его основной идее – и в том, насколько эта идея резонирует с душами зрителей. В этом смысле «Побег из Шоушенка» попал в десятку, так как главной своей темой выбрал сильнейшее из чувств и главный двигатель всего человеческого существования – надежду. «Помни, Рэд: надежда – хорошая вещь, возможно, даже лучшая из всех. А хорошие вещи не умирают». Будучи осуждённым за двойное убийство, которого он не совершал, Энди Дюфрейн оказывается в тюрьме с двумя пожизненными заключениями и сталкивается, казалось бы, со всеми возможными испытаниями, которые должны убить его дух: никто на свете не верит ему, и при этом он кажется лёгкой жертвой для тюремных стервятников. Тем не менее, Энди не перестаёт бороться и, благодаря своему уму, не только умудряется реорганизовать жизнь окружающих не хуже диснеевской принцессы, но также применяет свои таланты для получения максимальной выгоды из своего нынешнего положения. Вообще персонаж Энди Дюфрейна весьма любопытный и без сомнения необычный. С самого первого его появления зритель едва ли сможет установить с ним эмоциональную связь: Энди отстранённый, сдержанный, замкнутый и мало похож на обычного человека, которого можно встретить на улице – чего стоит один только его набор знаний и навыков. Кроме того, герой разительно выделяется на фоне основного контингента тюрьмы, что делает его ещё менее похожим на простого смертного. Первые два часа зритель наблюдает персонажа, который категорически не вписывается в декорации фильма, и именно из-за этого так трудно оторвать от него взгляд. Тем не менее, едва ли можно не проникнуться к Энди уважением или даже симпатией: каждую минуту, что он в кадре, он борется, не сдаётся, использует свой ум и ловкость и методично добивается определённых результатов. И даже когда в качестве самого тяжёлого удара судьба посылает ему возможность доказать свою невиновность и тут же этот шанс отнимает, это служит для героя лишь дополнительным толчком к действию. Мы все знаем, что Энди сбежит из тюрьмы. Это понятно по обложке книги и постеру, да и русское название фильма не оставляет простора для воображения. Однако главное не это. Главное – зритель хочет увидеть, как Энди сбежит, потому что этот персонаж доказал свой острый ум и умение просчитывать на несколько шагов вперёд. Но, что важнее, зритель хочет, чтобы Энди сбежал, ведь такая несокрушимая надежда не может остаться не вознаграждённой. Многие великие люди сходятся во мнении, что надежда – самое сильное чувство, на которое способен человек. Некоторые даже утверждают, что надежду невозможно убить, так как она всегда есть там, где есть жизнь. То же самое утверждает «Побег из Шоушенка» – объективно (и по мнению большинства) один из самых вдохновляющих фильмов в истории кинематографа.', Оценка =NEUTRAL
Автор ='Gerard', Название ='Шедевральное кино', Рецензия ='Честно говоря, я удивлен не столько фильмом, сколько книгой, а точнее ее автором. Все привыкли, что Стивен Кинг король ужасов, однако многие его книги - это прежде всего драма, и особенно это проявилось в этой книге. Что касается фильма, то он безупречен. Отличная игра актеров, много отличных сцен, после которых тебе передаются все эмоции актеров. Главное, что во время просмотра забываешь, что смотришь фильм, настолько все реально снято. Ну и, конечно, сцена, когда начальник тюрьмы вместе с Морганом Фриманом находят тоннель, музыка при этом подобрана просто отлично. Итак, оценка не удивительна 10 из 10', Оценка =NEUTRAL
Автор ='greatiger', Название ='Средненькое простое переоцененное кино слабой реалистичности, поданное как философское и потому простое и понятное массам и признанное большинством', Рецензия ='Якобы глубоко-философский и в то-же время простецкий фильм после просмотра которого каждый может посчитать себя 'мудрее' после поданных в нем пережеванных банальных размышлений героем Моргана Фримена - именно такая мысль посетила меня после просмотра или 'средний обыватель тоже хочет выглядеть умным', голосуя за 'мудрые' фильмы. И после очередного пересмотра решил-таки написать рецензию... Начать хотелось бы с критики... Итак - сюжет с самого начала напоминает типичный среднебюджетный фильм тюремной тематики, не несущий чего-то уникального. Подстава, стечение обстоятельств, судейская ошибка и герой оказывается то ли в «голландской», то ли в 'шведской' тюрьме для пожизненно осужденных, где едва ли не санаторно-курортный режим содержания, а пожизненники гуляют в общем дворике с мелкими уголовниками, поигрывая в баскетбол. Выглядит мягко говоря наивно, наверняка режиссеры слабо представляют себе, что такое тюрьма для пожизненно осужденных даже в тех же Штатах и какие там царят правила и обстановка. Напоминает в лучшем случае типичную зону общего режима. Расположение камер и обстановка изнутри реально походит на особо-строгую зону и только. Но это лишь одна из мелких придирок в этом в целом по большому счету добром и наивном фильме, хоть и связанным якобы с жесткой тюрьмой и ее порядками. Порядков это тоже касается. В реальности весь этот 'беспредел' охраны не передает и десятой части реалистичности подобной реальной тюрьмы. Сам фильм признан лучшим в кинематографе насколько оно лично мне видно лишь в силу постановки режиссером двух главных вопросов выбора причем пафосно поданных, в результате которых обывателю кажется, что фильм 'мудрый' и его надо оценивать исключительно высоко. Первый вопрос касается 'сидельцев' в целом - 'Что делать человеку всю жизнь проведшему в тюрьме и оказавшемуся за ее пределами' - пытаться вернуться, пытаться перестроиться или пытаться исправиться'. 2-й касательно главного героя (или сравнительным путем тяжелых жизненных ситуаций вообще) - 'что лучше бороться и надеяться чем сдаться и сломаться'. И я конечно рад, что ответы на все из них даны в фильме в большей части в положительном ключе, но опять же какое отношение это имеет к реалистичности, в которой все развивается всегда куда более скептически. Суть раскрытия этих вопросов раскрывается в банальных рассуждениях, уже пожилого и сидящего за решеткой не первый десяток лет афроамериканца в роли Моргана Фримена о тюремной жизни и тюремных людях — подданное и пережеванное до такой степени, чтобы это мог понять любой человек с тремя классами образования или айкю хотя бы выше 60. Раскрытие этих вопросов имеет слабое отношение к реальности хотя бы в силу бредовости и фантастичности применительно к реальной жизни Сама идея возможности выкопать за обычным плакатом в общекамерном помещении без единого звука такой туннель или якобы невозможности сесть за решетку обратно, что касаемо пожилого библиотекаря, полезшего якобы от такой безысходности в петлю, потому что он цитирую 'тюремный человек' вызывает у меня непредвзятый скепсис, даже 'в драки Ван Дамма один против всех из детских боевиков верится куда больше'. Забавно и наивно было наблюдать и как на зоне с якобы особым режимом содержания Энди Дюфрейн оказывал финансовую помощь чуть ли не всем охранникам «тюрьмы» и чуть ли не ходил с ними в друзьях и коллегах', подрабатывая 'банкиром'. Ну это уж совсем сказка для детей из раздела фантастика - как такое можно оценивать на 'гениально'? Также Энди, став говоря прямо нашими понятиями 'опущенным' после 'приставаний быков', все особо-опасные уголовники безусловно прониклись жалостью к бедному Энди, непонятно за что вообще столь благородные в большинстве своем люди вообще оказались на особом режиме. Даже финальный момент, когда 'не сдавшийся' и 'всех перехитривший' в данном наивном фильме Энди пришел в банк с водительскими правами и карточкой страхования (непонятно откуда взятыми и снял по ним огромную сумму, что уж совсем забавно, так как банки выдающие такие средства по поддельным документам существуют только в кино, да еще явился туда будучи в розыске)... вообщем весь этот фильм лично для меня к сожалению обычная детская сказка, заслужившая свою популярность тем, что она всем без исключения понятна и претендует на звание такого же всем понятного простецкого и одновременно 'глубоко-философского' фильма. Что касается плюсов: тут некоторые из минусов фильма идут ему же и на пользу - так фильм достаточно прост и понятен, тут не надо 'въезжать в тему' до середины, фильм все-таки интересен, он все-таки несет какую-то пусть и достаточно простую и тут же разжеванную философскую нагрузку, касающуюся правда по большей части лишь именно 'людей долго сидящих' и больше никого. Как результат - обычное, да интересное, да понятное, и даже в чем-то приятное, но среднее 'наивно-фантастическое' кино, имеющее слабое отношение к реальности, но зато с претензией на 'глубокую философию', которая по сути также достаточно примитивна, хоть и подается с чересчур глубокомысленным видом героем Моргана Фримена. Назвать этот фильм плохим объективно нельзя, но то что он явно переоценен по-моему очевидно... глубокой психологии или философии, если отбросить внешнюю важность и пафосность размышлений в фильме героя Моргана Фримена и оставить лишь их суть - реально маловато, чего-либо культового, с 'великими' в своей харизматичности героями (вроде того же Тони Монтано, Майкла Корлеона или хотя бы робота-Терминатора) тоже не наблюдалось... Высокобюджетно-блокбастерная составляющая?.. Отсутствует... Но все-таки главное, что убивает этот фильм в моем восприятии это наивность показанного применительно к реальной жизни... итого лишь 7 из 10', Оценка =NEUTRAL
Автор ='AbrahamLes', Название ='Свобода, она такая.', Рецензия ='Неразлучная парочка 'рабство-свобода' привлекала людей тысячелетиями, разве что 'любовь-смерть' могла составить им достойную конкуренцию. Сюжеты, образуемые столкновением элементов из этих двух семейств, ложатся в голову прочно и остаются там надолго. Совсем неудивительно, что этот фильм, вобравший в себя понемногу от обоих сакральных диад, имеет сумасшедший успех. Несмотря на то, что сюжет фильма выстроен на таком надежном основании, имеется множество косметических дефектов. Совсем уж по-детски выглядит история побега из хорошо охраняемой тюрьмы, подкрепленная лишь надеждой и полуобнаженной девицей, пришпандоренной к сырой стене. Напоминаю, что Шоушенк - это колония строгого режима, где заключенные отбывают по несколько пожизненных сроков и где должны соблюдаться хотя бы элементарные меры безопасности. Кроме того, сам фильм с первой минуты активно окунает нас в тягостную атмосферу тюремной жизни, претендуя на реальность, однако главная сюжетная линия представляет собой последовательность сказочных кульбитов, которые далеки от настоящей жизни. Чрезвычайно карикатурно показаны директор тюрьмы и охранники. Начальник службы охраны - классический Держиморда, который только и делает, что верещит, плюется и поправляет фуражку, каждый раз, как только козырек съехал на бок. Директор тюрьмы - мерзкий мужичок в очках и с зализанными назад волосами, промышляющий неладными делами. Такой уровень проработки персонажей скорее подходит для мультфильмов студии Уолта Диснея, чтобы зритель сразу понял, кто здесь злодей. Переигранной кажется концовка фильма. После удущающих и тусклых камер Шоушенка, к которым мы так привыкли за два с лишним часа, видеть такое количество света непривычно. Создатели фильма явно переборщили со съемкой открытых панорам, 'видом сверху' и яркостью. Известно, что избыток кислорода в воздушной смеси так же вреден, как и его недостаток. Фильм имеет, конечно, и множество достоинств. Пожалуй, основная 'фишка' картины заключена в названии. Да-да, в названии! Зритель с самого начала знает, что будет совершен побег из Шоушенка, однако догадаться, когда это произойдет, совсем непросто. Разворачивающиеся в фильме события скрывают и оттягивают долгожданный момент. Будь то история про милого дедулю Брукса, вшитая лоскутом в основной сюжет, или очередная выходка главного героя, после которой его надолго бросают в карцер. Фильм пестрит обилием разных событий, и в россыпи этих бирюлек наступление кульминации станет поистине неожиданным. 'Побег из Шоушенка' - добротный фильм, который рекомендуется к просмотру абсолютно всем, однако не стоит питать к нему иллюзий. Завышенные ожидания, вызванные раскрученностью картины, могут не оправдаться. Не стоит также искать здесь скрытые смыслы, тайные знаки, пытаться вычленить линии отдельных персонажей и рассматривать их как сложную полифоническую систему. Эта история пряма и стара, как мир. 6 из 10', Оценка =NEUTRAL
Автор ='Г-жа Обломова', Название ='Феномен «Побега из Шоушенка»', Рецензия ='Многие задаются вопросом, почему 'Побег из Шоушенка' является самым популярным фильмом. Во-первых, хочется подбодрить аудиторию, которая оказалась в абсолютном меньшистве, считая картину сильно переоцененной. 'Популярный' и 'попса' имеют один корень, так что, есть повод порадоваться своему уникальному вкусу и выпадению из массовых привязанностей публики. Это на полном серьезе. Во-вторых, то, что нравится большинству - как правило, отвечает потребностям этого большинства и облачено в привлекательную форму. Так в чем же феномен фильма? 1. Наверное, причину нужно искать в тех вещах, которые имеют особенно сильное воздействие на зрителя, вызывают мощные эмоции, и притом грамотно сконцентрированы на экране. Что это может быть? На самом деле, перечень не слишком обширен. Любовь, семья, Бог, смерть, сострадание, вера, надежда, одиночество, насилие, несправедливость, унижение, лишение свободы. Остальное - уже производные. Итак, попробуем разобраться, что может глубоко 'зацепить' любого человека. Любовь, семья, Бог? Но эти понятия еще/вообще не всем знакомы. Смерть? Слишком пессимистично. Болезнь или физическая ущербность? Слишком неприятно. Кроме того, с первой каждый столкнется, с другой каждый предпочтет не столкнуться, и вообще, о них тяжело думать. А вот тюрьма вряд ли нам светит. И вообще тюрьма - это интересно, это идеальная локация для всех наиболее распространенных человеческих страхов. Интересно наблюдать со стороны, как кто-то, помещенный в экстремальные условия лишения свободы, выкарабкивается и демонстрирует невероятную силу духа. Здесь и одиночество, и насилие, и несправедливость, и унижение, и несвобода, и надежда, и вера. Все по списку. Все, что особенно угнетает любого нормального человека и все, что не дает ему рассыпаться в прах. Самые уязвимые человеческие 'слабые места' и самые сильные мотивации для существования переплетаются в одном клубке и неизменно вызывают эмоциональную ответную реакцию у зрителя. 2. Это кино - стопроцентно западное, основывающееся на западных ценностях, во главе угла которых - индивидуализм, сила каждой отдельной личности, ее независимость, умение полагаться только на себя, первичность ее свободы. Фильм нравится? Поздравляю, восточный коллективизм не для вас. 3. Картина пропитана мятежным духом, в основе которого - сопротивление. Это сопротивление обществу, и навязываемым им ярлыкам (так, Энди борется до последнего, не смирившись с несправедливым клеймом преступника). Это сопротивление насилию, не только физическому, но и моральному. 4. 'Побег из Шоушенка' - драма. У картины нет налета боевичности или блокбастерности, часто нивелирующего идею и опускающего ее до уровня фаст-фуда, что, однако, отрицательно сказывается на зрелищности. Но плюсы такой подачи очевидны: она прибавляет картине серьезности и 'многоразовости'. Что и подтверждают факты более чем скромного успеха фильма в кинопрокате и бешеной популярности после релиза на DVD. Свобода, сопротивление, мятеж, индивидуальность, независимость, надежды, сила - вот основные теги данного кино. На что похоже? На одно из двух: либо на революционные настроения, либо на ценности, близкие каждому молодому человеку. Так может, разгадка феноменальной популярности этого фильма (по крайней мере, в сети) - в молодости активной, оценивающей его аудитории? Если так - то выбор вполне логичен. P.S. Радует, что сострадание тоже близко большинству, и на втором месте в этом 'негласном списке' ценностей - 'Зеленая миля'.', Оценка =NEUTRAL
Автор ='enfatic', Название ='', Рецензия ='В одной из сцен Рэд говорит, что «Тюрьма не сказочный мир». А вот сам фильм произвёл на меня впечатление сказки для взрослых. Начну с упрощённости второстепенных персонажей вокруг главных героев. Все они представлены в чёрно-белом цвете — без полутонов и многогранности. Нет даже попытки «оживить» их, придать внутренней глубины. Они не принимают самостоятельных решений, а действуют как запрограммированные куклы, выполняющие свою роль в сказании об Энди Дюфрейне. Кто хороший и кто плохой создатели уже решили за нас. И в результате мы имеем скудную палитру характеров и ощущение постановочности. И знаете, в некоторых случаях не последнюю роль в этом сыграл подбор актёров. Типажи подобраны не просто хорошо, а чересчур хорошо. У насильника обязательная злобная похабная рожа, а если жертва — то непременно пухленький и с «обиженным лицом». И когда злой охранник со злобной физиономией пытается сыграть на лице злость, мимика фальшива до отвращения. Не забыли создатели фильма и о зрительской сентиментальности. Особенно это заметно, когда сравниваешь фильм с книгой. Так юный рецидивист Томми, вместо того чтобы пойти на сделку с начальством и тихонько отбыть в «слабо охраняемую тюрьму Кешмен», трагически и наивно погибает в борьбе за правое дело. «Плохой» охранник убивает «хорошего» заключённого — да-да, тот самый чёрно-белый мир. А короткий абзац о библиотекаре Бруксе превращается в целую слезливую историю. А вы задавались вопросом, за ЧТО человек может получить пожизненный срок? Или кто-то и вправду верит, что «Все мы тут невиновные, нас адвокат посадил»? И что нужно чувствовать к человеку, который убил собственную жену и дочь, отсидел с этим грузом 40 лет, а потом повесился? И не из чувства вины, а потому что оказался никому не нужным и совершенно неприспособленным к свободе. Очень интересно то, как Фрэнк Дарабонт изменил характер Энди Дюфрейна. В книге, не смотря на всю свою любовь к жизни, Энди предстаёт довольно циничным человеком. Он не просто помогает устраивать нерадивых отпрысков охранников в колледж – он занимается отмыванием денег от продажи наркотиков. И оправдание для этого у него весьма характерное: «Со мной или без меня, эти махинации всё равно бы продолжались». Логика человека, который может оправдать любой свой поступок. В фильме убрана любая неоднозначность. Репутация Энди Дюфрейна тщательно очищается. Например, как изящно решён вопрос с сёстрами! Зло наказано, сатисфакция получена, но во избежание лишних сомнений у зрителей — без участия главного героя, сугубо по инициативе надзирателей. Пожалуй, будь это настоящей сказкой — у одного из охранников обязательно обнаружились бы крылышки феи. Хотя только так, подыгрывая Энди, создатели и смогли протащить его по реке дерьма и вытащить действительно чистым. В образе Энди режиссёр создал модель мировоззрения, на которую можно и нужно ориентироваться. Это осознание внутренней свободы. Это неутомимая вера в себя и стремление к созиданию вопреки всем обстоятельствам! В каждом Homo sapiens Энди видит Человека. Он должен вдохновлять и дарить надежду — такова главная идея фильма. В свою очередь Рэд олицетворяет выбор, который предлагается и зрителю: «Занимайся жизнью, или занимайся смертью». Напоследок скажу — раз уж у нас есть идеальный герой, то поместите его в реальный мир с живыми людьми. А все эти подыгрывания Энди, выдавливание слезы из зрителя и картонные персонажи лишают фильм искренности в угоду нравоучительности. 7 из 10', Оценка =NEUTRAL
Автор ='Alexander Sheremetev', Название ='Всё сводится к очень простому выбору: занимайся жизнью или занимайся смертью.', Рецензия ='Что обычно вызывает дикий восторг у зрителя? У каждого - это обычно своя тематика, которая его не оставляет равнодушным. Главной темой фильма 'Побег из Шоушенка' является, прежде всего - свобода, надежда, место человека в этом мире и способность его адаптации. Безусловно фильм произвел на меня впечатление, и после его просмотра я задумался об определенных вещах, которые составляют нашу жизнь... но меня больше всего поразило, то, что данный фильм признан 'мировым шедевром кинематографа'. Он стоит в рейтинге лучших фильмов, номером один, на таких крупнейших сайтах как IMDb и конечно же КиноПоиск. Для меня это останется непонятным. .. Конечно у всех вкусы разные, но неужели мой вкус, настолько отличается от 'общественного, массового' вкуса? Как я прочитал в большинстве отрицательных рецензий, на людей действует 'стадный эффект'. 'Этот фильм стоит номером один в мире? У него высокий рейтинг? Он всем нравиться? Значит и мне! 10 баллов!' Это выглядит так. Я уверен, что больше половины людей, которые поставили фильму 10 из 10, даже не поняли его смысла, просто по той причине, что они не могут его понять, в связи незрелости ума сложения. Думаю, даже я, понял его не до конца. Я думаю у всех фильмов, а в частности у общепринятых киношедевров, должен быть ограничитель по возрасту: 'Данный фильм, смотреть строго с 18 лет, иначе вы не поймете его смысла'. Что мы видим по сюжету. Успешного банкира Энди Дюфрейна обвиняют в убийстве жены и её любовника. Его сажают в тюрьму Шоушенк, и дают два пожизненных срока. В тюрьме он знакомиться с многими интересными персонажами, каждый из которых имеет свою собственную интересную историю и сюжетную линию. В первую очередь режиссер нас знакомит с Рыжим (в исполнении Моргана Фримана), с человеком, который может достать все и всегда в пределах тюрьмы. '— Говорят, ты — тот человек, который может достать кое-какие вещи. — Я предпочитаю не называть это так: просто я знаю местонахождение некоторых вещей'. Именно Рыжий становиться, новым лучшим другом Энди. Также нас знакомят с Бруксом, старажилой Шоушенка, который работает в библиотеке. Именно туда отправляют за примерное поведение, и помощь сотрудникам тюрьмы Энди. Сам из себя Энди Дюфрейн представляет, невероятно умного, хитрого и расчестливого человека, который очень быстро адаптируется в тюрьме, заводит дружбу с работниками Шоушенка, и на первый взгляд живет припеваючи. 'Я понимал, почему его приняли за сноба. Он вёл себя так спокойно… Ходил и разговаривал как здесь было не принято. Гулял словно человек в парке, которого ничто в мире не тревожит и не заботит. Словно на нём был невидимый плащ, который ограждал его от этого места'. Но это только на первый взгляд. Не буду раскрывать все детали сюжета, ибо это бессмысленно. Меня больше всего поразила история персонажа Джеймса Уитмора, Брукса. Он отсидел в Шоушенке пол века. Но его срок заканчивается и его выпускают, в чуждый ему мир, новый мир для него. 'Сначала ты ненавидишь эти стены, потом — привыкаешь, ну а когда просидишь здесь достаточно долго — получается, что ты от них зависишь.' Тут я действительно задумался, о многом. Данная картина дает много пищи для ума, и я хочу написать так много, но в моей голове все просто смешалось в одну большую кашу из слов. Картина безусловно достойна просмотра. А что касается рейтинга, существует ли такой фильм, и будет ли существовать когда нибудь, который действительно сможет занять первое место? Нет. Никогда. Для каждого, есть свой 'первый' фильм. 8 из 10', Оценка =NEUTRAL
Автор ='Енотовидный кот', Название ='Все кругом такие серьёзные...', Рецензия ='Странное это было время. русские боролись с алкоголизмом, немцы не хотели воевать (во всяком случае отказывались от большинства НАТОвских авантюр), главный реперы были белые (например эминен). Профессионалы НБА проигрывали европейским любителям. А истинным ирландцем оказался афроамериканец (!) по кличке Рыжий (!!) хотя он да простят меня сторонники политкорректности, но Морган Фримен был... черный, но никак не рыжий... Итак студент геологического института юридического факультета взял академический отпуск по семейным обстоятельствам, однако вместо того чтобы грызть гранит науки в прямом и переносном смысле связался с такими же оболдуями как и он сам. В результате на полевой практике вместо гранита находили только осадочные породы органического происхождения. Ректор чётко дал понять, что если такое отношение к учёбе останется, то армия ждёт новобранцев. Почуяв, что сессия сдана не будет Студент цеплялся несколько лет за один и тот же курс и поняв что ректор уже готов опустить его в свободное плавание по найденным осадочным породам органического происхождения наш герой сделал всё добровольно, по какому случаю и получил отмазку от армии. А что вы хотели если готовиться к экзаменам не по учебнику а по порножурналам. Короче его подельники поняли всё правильно и рыжий ирландец таки сдал сессию на отлично, найдя под правильным камнем профит. Обычно блокбастеры являются заказухой и используются в рекламных целях. Что вкратце представляет из себя этот фильм. Это социальная реклама американских тюрем, где заключённые настолько суровы, что читают классику в оригинале, слушают классическую музыку, получают высококвалифицированную юридическую помощь в том числе и по таким щекотливым вопросам как правильная неуплата налогов. Заключённые имеют возможность невыходя из камер и освоив азбуку и счёт до 10 на пальцах получить хоть высшее образование и после выпуска получить костюмчик от Версаче, дорогую иномарку и возможность сфоткаться со звёздами Голливуда.', Оценка =NEUTRAL
Автор ='Cucci', Название ='Самый лучший фильм?', Рецензия ='Может ли Голливуд, обычно создающий чисто развлекательные вещи, творить искусство? К созиданию высокодуховного кино режиссёр должен подходить с самым пристальным взглядом, со всей деликатностью. Столь филигранная работа требует от души художника кинематографического слова неоспоримого организаторского таланта и тончайшего чутья, чтобы каждый краеугольный элемент фильма (сценарий, игра актёров, визуальный ряд, музыкальное сопровождение) подчинялся единственной цели – затронуть душу большинства зрителей (а большинство не может ошибаться). При этом ещё нужно, чтобы составляющие фильма не были хороши каждое само по себе, а плавно перетекали одно в другое, образуя надёжный оплот оригинальности и красоты, чтобы зрители не высмеяли броский, но безвкусный коктейль. Несмотря на то, что венгр Франк Дарабонт (кстати, из семьи политических беженцев, переселившихся в США после подавления антисоветского восстания 1956 г.) был хорошо известен в среде кино-сценаристов и постановщиков и до своего фильма «Побег из Шоушенка», именно этим фильмом он, выступая в нём и режиссёром, и сценаристом, полновесно заявил миру о своём творчестве. Этому мастеру удалось создать (при том, что это пример т.н. Независимого кино США) самый лучший фильм, ведь именно он годами удерживает, так сказать, топ самого топового топа, как на международном сайте любителей кино, так и на его русском аналоге. «Побег из Шоушенка» задаёт практически не достижимую планку всему жанру фильмов о заключённых, для заключённых и для всех тех, кому небезразлична их судьба; он бросает вызов всему, что создано до него и будет создано после; в конце концов, он закрепляет за Голливудом звание величайшего и не подлежащего сомнению кинематографа во всём мире. Фильм начинается с суда над молодым сотрудником банка, Энди, ставшим жертвой обстоятельств, свидетельствующих против него, как будто он убил свою жену вместе с любовником. Приговор не заставляет себя долго ждать: Энди осуждён на пожизненное заключение в тюрьму «Шоушенк», печально известную тем, что из неё невозможно выйти раньше срока. Однако, как мы помним, можно запереть бренное тело, но невозможно запереть бессмертную душу! Этот свободный духом человек завоёвывает уважение своих сокамерников, особенно некоего Эллиса, который успешно занимается поставкой дефицитных в условиях тюрьмы вещей. Не столько красноречием, сколько самой манерой держаться и свободолюбивым духом Энди заставляет Эллиса и остальных товарищей по несчастью задуматься над тем, что тюрьма, как и все стены в мире, – всего лишь условность и вполне в силах человека сохранить свою привычную душевную организацию даже здесь. Несомненно, основополагающая роль в шедевральности картины принадлежит сценарию. Дарабонт написал его сам, сумев невероятно точно и верно уловить канву Стивена Кинга, по повести которого, «Рита Хейворт и побег из Шоушенка» (герой тихой сапой делает подкоп, маскируя вход портретом знаменитой голливудской красотки Риты Хейворт в полный рост) и создан фильм. Нет смысла сомневаться в гениальности писателя Кинга: едва ли кто-либо ещё создал столько нашумевших произведений, по львиной доле которых сняты не менее нашумевшие фильмы. Н всё же именно эта пара «литературный источник — экранизация» являет собой один из самых удачных тандемов, по прошествии десятилетий побуждающих поклонников перечитывать и пересматривать, едва плохое настроение посетит их. И ведь все эти люди зачастую уверяют, что им действительно становится легче, когда они снова и снова возвращаются к своим любимым диалогам невесёлых персонажей в арестантской одежде, - вот настолько что книга, что фильм заставляют сопереживать героям! Но, пожалуй, при всём уважении к писателю, средства кино ещё лучше передают атмосферность кинговского произведения, уже хотя бы музыкой Томаса Ньюмана (сына легендарного Альфреда Ньюмана, озвучившего сотни две голливудских фильмов), которая своими деликатными фортепианными нотками словно подчёркивает в буквальном смысле камерность происходящего на экране. Именно Ньюман в дальнейшем совместно с Дарабонтом работал над фильмом, которому суждено было стать любимейшим у русских Интернет-пользователей (после дарабонтовского же «Побега») и прочно закрепиться также и в топе международного Интернет-голосования. Конечно, фильм не состоялся бы без высоких профессионалов: дизайнеров, осветителей, монтажёров и т.д., но традиционно главная надежда возлагается на актёров, и они здесь не подвели. Тим Роббинс и Морган Фриман просто сияют в образе Энди и Эллиса, буквально растворяются в них. Хочется сказать спасибо и дедушке Джеймсу Уитмору, подарившему нам в этом фильме образ самого старого из тех несчастных, кто проводит жизнь в Шоушенке. Уже эти три профи заставляют верить всему, что видишь на экране. Так почему же всё-таки серый, тюремный, не слишком динамичный фильм подкупает подлинной красотой, душевностью? Нет, не той разухабистой романтикой «малины», которой веет от нашего, русского, около-тюремного «искусства», а некой отвлечённой, светло-грустной и душещипательной красотой? Да просто потому, что всем нам хочется верить в свободу и надежду на эту свободу. Живописание душевных мук узников во все времена находило отклик у почитателей поэзии, посетителей картинных выставок, завсегдатаев-театралов, и потому не столь уж удивительно, что фильм о мрачных преступниках, осуждённых пожизненно, но играющий на эмоциях, не обязательно даже объясняющий, какой персонаж за что сидит, заслужил искреннюю любовь по меньшей мере миллиона Интернет-пользователей. Отрадно, что первое место занимает не один из многочисленных блокбастеров, хотя современные спецэффекты, вне всякого сомнения, воздействуют на массовую психику и исподволь заставляют кино-зрителей снова и снова выбирать именно зрелищность. Всё же люди выбрали мысль, а не созерцание. Полёт мысли и вечный зов свободы не может затмить никакая эффектность визуального ряда. Вместе с тем, этот фильм спасает и репутацию Голливуда как средоточия мирового кино, ведь всё внимание приковано именно к нему, и очень важно не скатиться окончательно в область шаблонов, искусственной графики и самоплагиата. Дарабонт доказал, что в Голливуде по-прежнему работают великие мастера тонкой драмы, что они не до конца вытеснены алчущими лишь миллиардных сборов повелителями массовой культуры. «Побег из Шоушенка» - символический глоток свободы не только для своих персонажей, но и для всех нас - тех, кто перманентно или периодически попадает во внутренние рамки, в западню наших собственных расстроенных чувств. Самый лучший фильм? Почему бы нет!', Оценка =NEUTRAL
Автор ='Хириоли', Название ='', Рецензия ='Это вряд ли будет интересно тем, кто пришёл сюда почитать отзывы и рецензии о фильме. Это не рецензия, и скорей всего не отзыв о фильме, ибо сам фильм мне не интересен. Больше интересно его первое место в народных топах. Первое место – это же такой призрачный идеал, который почти никто не считает идеалом. Всякие Гравитации, Аватары, Начала, Неприкасаемые и Тёмные Рыцари на словах поднимают новые грани шедевральности, восхищения, но как ни заглянешь на любимый рейтинг, не запросишь самые лучшие фильмы, везде всегда на первом месте или близко к нему будет он – Побег из Шоушенка. И это надо смотреть именно народные топы. Всякие списки любимцов Тарантин и Кудрявцевых, да и просто тех юзеров, которые «не такие, как все», веса не имеют. Они же не люди. Побег из Шоушенка уже давно перестал быть фильмом, как таковым. Его уже все посмотрели. А те, кто не смотрел, будут делать вид, что посмотрел его, и заочно ставить десятки, чтобы не отбиться от стада, или же единички с мыслью «первое место в топе – это оскорбление для остальных мест!» Сейчас вряд ли кто посмотрит это кино потому, что реклама заинтересует. А вот киноман это сделать обязан, или хотя бы сделать вид, что смотрел его. Вообще в набор быдло-киномана (исключая советовщину, которую русский человек просто обязан любить, ибо деды воевали) входит четыре пять фильмов на выбор: Побег из Шоушенка, Крёстный Отец, Форест Гамп, Список Шиндлера и что-нибудь ещё. Додумайте сами – это не сложно, а так как я – не киноман, мне додумать это будет сложно. Что в фильме достойно первого места в топе? Не обязательно про Шоушенк говорю я сейчас, но про кино в целом. Ведь нет такого конкретного критерия, который определял бы его крутость. Есть картинка, на которую мастурбируют все обладатели мощных компов, севшие тестить новый Крайзис на максималках. Есть сюжет, от которого оргазмируют книголюбы, эякулирующие своё ЧСВ в личных блогах с 1,5 читателей, прямо под восторженным постом о «50 оттенках чёрного». Есть саундтрек, от которого расцветают уши современных классиков-пианистов и подъездных бардов. А есть совершенно оторванные от реальности критерии, типа монтажа, актёрской игры, фаз луны, и прочей шушеры, которую адекватный человек не замечает, пока она не становится действительно плохой (проверено на собственной сестре – когда я плевался от логичности склеек последних Обителей Зла, она смотрела на меня, как на идиота, хотя, а вдруг?). И вот в чём парадокс: господа, которые чётко разграничивают перед собой эти факторы первичного успеха (за вторичный берём рекламу), и снимают кино, в котором всё продумано на машинном уровне, не добиваются подобного успеха в сердцах потребителей, в отличие от тех, которые снимают идею и подстраиваются под неё. В качестве примера тот же недалёкий Аватар, ради которого Кэмерон ушёл из кино на сотни лет постигать тайные шаолиньские искусства и ходить босиком по травке, чтобы чётко понять, что делает кино крутым. А есть простой парень Дарабонт и простой писатель Кинг, которые на пару когда-то навели такого шороху, без ожиданий, что снимут кино, которое будет срывать приз зрительских симпатий без видимых глазу причин. Ибо что в Побеге настолько велико? Зелёная миля гораздо пронзительней, Форест Гамп трогательней, а Шиндлер – продуманней. Может, Шоушенк отличает злободневность? Не сам сюжет, но ключ к нему? Эдакая грубость жизни, бытовуха, и элемент мрачной сказки в конце, когда грубым можешь оказаться ты по отношению к этой суке? Может это кино ставят на первое место не лучшие чувства людей, но их злость, ярость? Ведь людей всегда отличала латентная ненависть к собственному социуму. Именно это отличает Кинга от других – он не король ужасов, он король злобы, и именно поэтому я люблю его драмы, но не килограммовые повести и ужастики. И именно поэтому я не вижу в Шоушенке ничего классного. Потому что это не набор хороших и плохих качеств, это единое существо, в котором всё поддаётся единой идее и идеально коррелирует с ней. Идее, которая мне не понравилась. Безэмоциональное лицо загнанного Тима Роббинса, постановочная искренность Дарабонта, неожиданный Фримэн, который лишь постигает смыслы жизни, а не ведает всем, как в остальных картинах. Оно всё злое. Мне очень хотелось не любить это кино только потому, что его любят все остальные. Но когда я повзрослел, то мне неожиданно прибавилось ума, и я отбросил дебильные причины типа «ну тупо же, ололол!» и вообще перестал их искать. И неожиданно открыл для себя вот такую вот суть, которую, скорей всего, не смог передать вам, ибо скудоумие налагает определённые ограничения. Да и зачем вам читать такую белиберду, когда есть восторженные бессмысленные лобызания с пятью абзацами по предложению в каждом, набирающие плюсы, как сумасшедшие, и школьный троллинг, в котором идей нет совсем, зато весело, молодёжно и по айпи никто не вычислит, которые собирают так же минусы и радуются, возомнив себя джокерами. Реальность такова, что как кино Побег из Шоушенка уже давно закончилось. И мнение о нём тоже. Теперь это площадка бесконечных войн ангелов с демонами, и добра/зла среди них не разобрать. Ибо зрелые мысли тонут в поросячем визге. Побег из Шоушенка – это бог, которого создало коллективное бессознательное. И его восхваляют и осуждают, как и любых других богов. Ни за что.', Оценка =NEUTRAL
Автор ='skim1776', Название ='', Рецензия ='Когда мне задают вопрос - 'А какой твой любимый фильм?', я никогда не вспоминаю 'Побег из Шоушенка'. Не вспоминаю потому, что на протяжении всего просмотра сердце ни разу не замирало в испуге, ни разу не ускорялось в бешеном темпе. Видимо, не дорос еще до него. Но хочется верить, что однажды это произойдет. К сожалению, у меня есть плохая привычка - если есть возможность, я смотрю описание фильма до его просмотра. Не сюжет - нет, но актерский состав, режиссера, награды, год создания и прочее. Увидев огромный список наград и номинаций, да к тому же первые номера многих рейтингов, я сразу обрадовался. Подумал, 'ух ты, это будет нечто'. Но этого нечто не произошло. Фильм, безусловно, необычный и оригинальный, но не тронул. Однако тот факт, что герои фильма стали дорогими такому большому количеству людей, заставляет относиться к нему иначе. Наверное, нужно пересматривать его до тех пор, пока он не откроется с новой стороны. И возможно тогда что-то изменится.', Оценка =NEUTRAL
Автор ='publicist', Название ='Мы верим, что есть свобода пока жива мечта', Рецензия ='«Побег из Шоушенка». И как досталась такая слава? У меня зубы сводит от непонимания данной ситуации. Да я и отказываюсь что-либо понимать в данном кинематографическом русле. Имеющий глаза, да увидит и поймёт «корневище» ситуации. И пусть у неприятелей зубы искрошатся в пыль, но моё мнение останется непреложным. Задуматься, думаю, стоит каждому: На современные блокбастеры, хорроры, арт-хаусы, да даже драм-триллеры инвестируются баснословные вливания. В своём большинстве, вышедшие из-под «пера» картины «отбивают» все потраченные на создание самое себя средства стократ. И ленты эти выходят (в смысле, «получаются») громкими, звонкими и знаменитыми. Само собой, история «Побега» тоже знаменитая лента режиссёра Фрэнка Дарабонта (на ту пору – почти дебютная). Я о принципе! Чтобы сделать моё заявление ещё более прозрачным, нужно понять что я имею в виду: Чем «Шоушенк» заслужил первое место в рейтинге больше, чем, скажем, «Начало», «Аватар» и иже с ними? Нет, само собой, и как фильм «Шоушенк» не плох, и мысль своя в нём присутствует. Но, по мне, так он не тянет даже на то, чтоб быть и находится в первой десятке рейтинга IMDb. Просто средний и ничем не выразительный фильм. И вот этот невыразительный фильм плотно уселся на пьедестале почёта и, что САМОЕ ПОРАЗИТЕЛЬНОЕ – выходящие время от времени, поистине превосходные произведения не могут сравниться с «непревзойдённым» «Побегом из Шоушенка» (почувствуйте, как говориться, сарказм). Плюсы фильма можно перечислить в одно предложение: Это мораль о свободе, вере и надежде. Основная мысль: свободным можно оставаться и будучи в неволе. Всё. Минусы. Их больше. Это какая-то невероятная затянутось ленты. Казалось, «Шоушенк» никогда не закончится. Чувствуется отсутствие реалистичности происходящего. Это нужно вынести в отдельный абзац… Стоит посмотреть любой другой фильм про американскую тюрьму и каждый поймёт, что нужно быть очень невнимательным, чтобы не обнаружить очевидного: Отношение к этнической группе населения особенно у заключённых тех лет было, мягко говоря, не таким, чтобы делать темнокожего, пожалуй, самым крутым в тюрьме. Просто у Стивена Кинга Рэд был ирландец, а у Дарабонта стал афро-америцанец. Последнее, чем хотелось бы пожурить эту картину – это издевательским отношением к процессу старения. А точнее к его отсутствию. Это ж надо было так проигнорировать сей момент. Или просто «париться» не захотели в уверенности, что пипл и так схавает? Но не всё так мрачно в «Побеге из Шоушенка». Как уже в миллионный раз сказано, он о свете в конце тоннеля. Энди Дюфрейн – олицетворение жизни. Он что героиня Островского – луч света в тёмном царстве. И вот наш «граф Монте-Кристо», безвинно осуждённый задумывает побег. Просит своего тюремного друга добыть ему маленькую кирку. И в течении 2-х десятилетий наш герой… наращивает авторитет. И у соратников-заключённых («сёстры» уже не мешали), и у работников административного корпуса. Тут можно закрыть глаза на ирреальность событий. Хотя, может, в американской тюрьме действительно райские кущи. Смысл в другом. Садясь смотреть «Побег», я ожидал лицезреть побег! А у нас на экране вместо него какая-то тюремная тягомотина. Раскрою секрет: Самому побегу уделено где-то 2,5 минуты экранного времени. Но фильм хорош. Просто, не надо, судя по всему, умничать, а надо просто уловить волну. Однако, хоть режьте меня, я твердокаменно убеждён: «Шоушенку» давно пора уступить золотой пьедестал. И не надо здесь говорить о том, что зрительские симпатии распределились не на визуальные эффекты создателей кино, но на душевные «костёрные» байки. «Золото» досталось «Шоушенку» за «красивые глаза»! И точка. 6 из 10 Хватит петь бесконечные неесные дифирамбы и слагать ломаносовские оды. Возвращайтесь к реальности. Есть фильмы поинтереснее и в этом самом жанре в каком и пресловутый 'Побег из Шоушенка'...', Оценка =NEUTRAL
Автор ='Gerc0g', Название ='Разум и сердце', Рецензия ='Настал день, когда я решился написать рецензию на 'Побег из Шоушенка'! 'Побег из Шоушенка' фильм безусловно выдающийся. Он назнимает первое место и на кинопоиске, и на IMDB. Причем время идет, но Шоушенк ниже не опускается. Меняются времена, меняются ценности, но фильм снятый в довольно далеком 1994 году остается самым лучшим. 'Побег из Шоушенка' фильм безусловно выдающийся. В каком-то смысле даже совершенный. Работа режиссера, игра актеров, сценарий - все безукоризненно. И все же я недолюбливаю этот фильм. Вернее я не считаю, что это фильм идеален и он заслуживает 1 место. Почему? Об этом ниже, но сначала немного размышлений. Муж с женой в Мексике прожили в браке 89 лет. Без крупных ссор. Без расставаний. Без взаимных упреков. И спустя столько лет они не надоели друг другу. Любовь? Любовь - понятие идеальное, был брак идеален? Доверие, взаимное уважение, одинаковые приоритеты и жизненные ценности, трепетное отношение к супругу и многое другое. Брак совершенен. А любовь? Наверное она потухла. Ведь не было ссор, не было страстей, не было эмоций. А без нее нельзя говорить о любви. По крайней мере идеальной. Один эгоист очень любил себя. Он восхищался своим умом, красотой, талантами. Он знал, что у него множество недостатков, но продолжал любить себя. Горячо и самозабвенно. К чему все это? Для меня идеальный мир это набор и преимуществ, и недостатков. Просто недостатки должны быть в тени плюсов. А фильм 'Побег из Шоушенка' безгрешен как чета мексиканцев. Фильм снят по роману Стивена Кинга. И надо заметить, не самого его лучшего. Если сделать опрос среди поклонников его творчества лишь единицы назовут его любимым. А фильм снятый по нему является лучшим. И если сделать опрос среди киноманов, единицы назовут 'Побег...' любимым фильмом. Парадокс? Отнюдь. Один композитор был одарен талантом от Бога. У него был врожденный дар. И он писал невероятно красивую музыку. Но критики иногда его журили, а зрители не могли зевнуть на концерте. Потому что музыка завораживала. Хотя они знали, что недостатки имеются. Был один музыкант. Он долго и кровопотливо изучал нотную грамоту и осваивал инструменты. Он тоже писал музыку. А критики не могли придраться. Потому что он знал, что 'правильно', а что нет. Но зрители иногда зевали. К чему я это? 'Побег из Шоушенка' снят отличным режиссером. Но есть режиссеры гораздо именитей и главное талантливей. Но Дарабонт знал, как оценивают фильмы кинокритики. И не было слабых мест. Режиссер был трудолюбивым. Усердным. Он много работал и успех был. Бертон, Ханэке, Бергман, Риччи и другие. Они талантливы. Они отмечены печатью небес. Но у них были слабые места. И поэтому их фильмам не суждено быть первыми... Талант это символ души. Трудолюбие это символ сознания. Так, что важнее и лучше: творить сердцем или умом? p.s Можно долго спорить можно ли добиться успеха без трудолюбия? Мой ответ да!', Оценка =NEUTRAL
Автор ='СВОЙ', Название ='', Рецензия ='У каждого человека есть свои ценности. Кто-то ни дня не может прожить без фотосъемки. Кто-то работает на любимой ему работе. Кому-то нравится читать книги, или смотреть фильмы, слушать музыку. У всех свои. Но чтобы эти ценности оставались для человека нужными и ценными — ему нужна свобода. Без нее хочется все бросить и ничего не делать, ничем не заниматься. Даже любимыми делами. 'Побег из Шоушенка' — фильм о человеке, который не бросил свои ценности. Не поддался на провокацию неволи. Который пытался, даже в такой обстановке, изменить себя и окружающий его мир к лучшему. О человеке, который рискует ради свободы. Таких стоит уважать. Но что самое главное — о человеке с работающей головой. И упорством. И терпением. А такие люди в любой ситуации выиграют. И пусть даже только для себя. А в данном случае, пожалуй, для многих. Фильм можно смотреть много раз. Но самый главный — первый. Потому что первый раз он больше всего захватывает. Фильм, снятый в таком жанре, особенно захватывать не должен. Но этот... Отдельный случай. И во второй, и в десятый раз он будет захватывать. Но первый раз незабываем. Причем захватывает фильм не только сюжетом. Но и игрой актеров. Такая добрая улыбка действующих лиц, узников Шоушенка, что хочется верить, что они и вправду ничего не делали. Такие реальные эмоции, что хочется верить, что они действительно отбывают свой пожизненный срок. Такое наглое лицо капитана и директора, что смотришь, и ненавидишь их вместе с заключенными. Единственное, что я для себя отметил, — что любимым этому фильму стать сложно. Не знаю почему. Он и человечный, и о ценностях, и снят замечательно. Но, почему-то он стоит где то в середине. Не худший из лучших. Не лучший из худших. Просто в середине.', Оценка =NEUTRAL
Автор ='Chaosmaster', Название ='', Рецензия ='Интересно рассказанная история с несколько наивной концовкой. Фильм называют шедевральным, но, честно признаться, я эту шедевральность не почувствовала. Фильмов о тюремной жизни очень много, и «Шоушенк» отличается лишь тем, что здесь реалии этой жизни очень смягчены, а чудеса преувеличены. Наверное, это потому, что фильм снят по книге Стивена Кинга, который, хоть и любит «тюремную» тему, а всё равно по своей сути является писателем-фантастом. Практика же показывает, что художественность и тюрьма не очень сочетаются. Тут уж, как говорится, или-или. Посему поверить в происходящее очень трудно и задуматься, в принципе, не над чем. Мы просто наблюдаем за происходящими событиями, которые плавно и интересно нам подаёт на блюдечке режиссёр. На актёров смотреть приятно, но ничего большего фильм в себе не таит. 5 из 10', Оценка =NEUTRAL
Автор ='Орк-наемник', Название ='68%', Рецензия ='Если вы не читали книгу, фильм вам понравится. Забавное вступление, правда?Поймите меня правильно, я не их тех, кто любит утверждать, что книга всегда лучше фильма, и придираться к каждой нестыковке в сюжете. Сам фильм, в общем-то, хорош, но есть ряд нюансов, сильно портящих впечатление. Первый - это Фримен. Престарелый афроамериканец вместо разбитного ирландца, пусть и так же в годах, - без комментариев. Трусливый аморфный парень никогда не стал бы в тюрьме 'человеком, который может достать всё'.У Фримена других ролей и не бывает, он везде одинаков и даже в 'Последних рыцарях' его гордый дворянин выглядел трусом, из крайних сил прячущим свою слабость. Второй - сам Тим Роббинс. Он так же похож на уверенного в себе парня из оригинала, который, несмотря на стычки с 'сестрами' и все остальные проблемы, не утратил чувство достоинства и всегда смотрит на всех чуть свысока, как Фримен на ирландца. Здесь особенно противна сцена на крыше, в которой парень трясется и лепечет, как ребенок. Хотя в оригинале он был само спокойствие. Этому парню в таком фильме не место. И третий - всеобщая вялость. Такое ощущение, будто люди на курорте, а не в строгой тюрьме. Все только и делают, что шутят, улыбаются, заигрывают с охраной. Фримен без шутки слова не скажет. Это было бы простительно ирландцу. Настоящему ирландцу. И сцена с избиением новичка нисколько не прибавляет атмосфере мрачности. Фильм почти комедия, а комедией он быть не должен. Что действительно понравилось, так это охранники. Очень подходяще подобраны. По стобалльной шкале выставлю этому фильму 68 баллов и скажу так:годится смотреть раз в несколько лет, не чаще.', Оценка =NEUTRAL
Автор ='Несносный Шон', Название ='Сладкая история свободы', Рецензия ='Первый раз я посмотрел Шоушенк лет 5 назад, мне было 18 или около того. Тогда мне фильм безусловно понравился и входил в мой личный TOP, но пришло время пересматривать старые шедевры и мое мнение изменилось. Возможно, то что 2+ часа мне показались 4мя специальный прием режиссера, призванный показать тягучесть времени проведенного в тюрьме. Но что-то мне подсказывает, что это была скука. И все по одной простой причине - роман Кинга так и остался романом. Если убрать закадровый голос Реда, фильм тут же развалится на части. Я не против рассказчика в фильме, если история самодостаточна, а голос является приятным бонусом, придающим определенную эмоциональную окраску происходящим событиям. Но не когда этот голос меня ведет, пытаясь скрыть ляпы и доказывая мотивацию главного героя. Поэкспериментируйте - выключите экран и послушайте фильм. И вы ничего не потеряете, все герои вежливо представляются и объясняют свои поступки, а если вы что то недопоняли, Ред вам разжует. Это неуважение к зрителю. Фильм явно адресован широкой аудитории, где Энди безоговорочно должен нам понравиться. Но если в надуманную историю несправедливо осужденного банкира, который со всеми своими возможностями не смог добиться справедливого суда ещё можно поверить. То сцены несвершившегося насилия кучкой местных педиков, явно призваны защитить любовь зрителя к персонажу. Они смущают своей неправдоподобностью, зато накрашенные девочки по прежнему сидят на своих местах в кинозале и верят что мир прекрасен. В этом плане 'Полуночный экспресс' вышедший в 1978 является противоположностью Шоушенку и возможно даже стал источником вдохновения для Кинга. И вообще в фильме очень много внешних приемов, к примеру, когда ребята смолили крышу, Энди пошел как зомби по крыше, не реагируя на слова своих товарищей, чтобы раскрыть свой план отмывания денег надзирателю. При этом, ради драматизма сцены рискуя своим здоровьем, хотя все можно было сделать гораздо проще. Возможно таких моментов было бы меньше если авторы адаптируя сценарий потрудились так же, как авторы 'Кукушкиного гнезда'. Ведь в оригинале там тоже повествование ведется от лица второстепенного героя. И им удалось создать фильм используя киноязык. Еще можно привести множество неудобных моментов, но тут без спойлеров не обойтись. Актерскую игру нельзя назвать выдающейся, у них толком не было подтекста, который можно сыграть, Ред все сказал и так. Но меня растрогала сцена, когда Ред выступал третий раз перед комиссией, она была самой правдивой в фильме. Камера показалось мне суховатой, монтаж и музыка работают на историю, но как-то не обращены к чувствам. Хороший фильм, простой для понимания, но не шедевр и не номер один. Проблемы свободы, дружбы, несправедливости не так просты и однозначны, как они показаны в этом фильме. 7 из 10', Оценка =NEUTRAL
Автор ='vital_and_mortal', Название ='Если ты прав, справедливость возьмёт вверх над обстоятельствами', Рецензия ='Это история повествует о том, что в мире ты не одинок. Есть человек, который сможет тебе помочь в трудную минуту. Не вдаваясь в подробности имён, можно судить, что, если не было дружбы заключённых, побега не было бы. Все действия заставляют задуматься над жизнью. Фильм удался в первую очередь из-за Стивена Кинга. Без его литературы внятного сценария не получилось бы. Максимально возможное, что могло получиться без мэтра ужаса, это сценарий, сравнимый на кинофильм «Тюряга». Фрэнк Дарабонт справился со своей работой вполне. Всё остальное в этой картине не требовало больших усилий от съёмочной группы. Так как съёмки в тюрьме - это довольно просто, по сравнению с кинофильмом «Властелин колец», где такие тяжёлые съёмки среди гор и равнин. Безусловно, без Моргана Фримана фильм не оказался бы таким мудрым. Ведь именно Морган Фриман в каждой своей картине добавляет невероятной мудрости. Что позволяет задуматься зрителю над героем и его действиями. Тим Роббинс выложился, как мог. В других фильмах он меня не впечатлил. Было бы замечательно видеть в картине Джека Николсона в роли начальника тюрьмы. Картина плохо окупилась. Этот фильм не блокбастер. Эта картина для головы. Здесь необходимо задуматься. В этой картине нет взрывов, моря крови, криков, женщин, наконец. Это сильный психологический эпос. Советую посмотреть тем, кто любит думать, когда смотрит фильм. Этот фильм не для тех, кто любит 'Бэтмен', 'Человек-паук' и всё в этом роде. Жалко, что Оскара не отхватила картина. А так всё в целом на месте. Я поставлю максимальную оценку, потому что я люблю творчество Стивена Кинга.', Оценка =NEUTRAL
Автор ='leksa-zaraza', Название ='Помни, надежда - хорошая вещь! Может даже самая лучшая.', Рецензия ='Хочется начать с маленькой предыстории. Много лет я слышала: «Ты не видела этот фильм? Этот фильм на первом месте во многих рейтингах! Этот фильм очень хорош!» И вот в один день я решила насладиться просмотром. И первый час моя надежда на то, что он будет «очень хорош» не умирала. Но фильм так и не оправдал моих ожиданий. Только спустя час этот «шедевр» вызвал у меня первые эмоции, дал повод для размышлений. «Как спустя 50 лет одной жизни, человек может начать жить по-другому? Как за 50 лет не потерять надежду?» Пожалуй, Брукс и его маленькая история вызывают во мне намного больше эмоций, чем всё остальное в этом сюжете. Конечно, в последние 20 минут фильма ты очень удивлен тем, как интересно продуман побег. Но гораздо проще было бы сделать короткометражку, показать план побега, который «очень хорош», и закончить фильм фразой «Помни, Ред, надежда - хорошая вещь! Может даже самая лучшая», не оставив зрителю никакой почвы для размышления. Игра актерского состава не вызывает ни капли сомнений. Каждый актер идеально вписывается в картину. Особенно Морган Фриман, который прекрасен в любом образе, в любой роли. Снято сотни тысяч кинолент, и лучший фильм – фильм о побеге? С долей размышлений о надежде? За актерский состав, за хорошую книгу Стивена Кинга, из-за уважения к Фрэнку Дарабонту 7 из 10', Оценка =NEUTRAL
Автор ='the mirrors', Название ='Киночтиво', Рецензия ='Перестал удивляться тому, что этот фильм занимает сплошь первые места во всевозможных кино рейтингах. Особенно я люблю когда при экранизации литературного произведение из него в силу специфики кинематографа исчезает ирония и появляется некий сверхреализм, обязанный удерживать зрителя у экрана каждую отдельно взятую секунду. За это все 6 баллов - за отсутствие художественной ценности..то есть за идеальную коммерческую форму, наполненную приятными шаблонами, ожидаемыми неожиданными поворотами сюжета. Есть ещё один фильм, который внешне соответствует и успеху у зрителей, и смердит продюссерством. Это 'Игры разума', но при всех недостатках этого довольно предсказуемого фильма, он не претендует на сверхреализм. Рон Ховард обладает специфическим чувством кино, фильм получился какой-то даже анимэшный и в этом его художественное достоинство. Я не знаю имел ли режиссёр цель - создать карикатуру или заработать побольше денег, но получилось очень даже забавно и динамично. Чем-то он напоминает и 'Социальную сеть', но та уже выполнена не то что в духе сверхреализма, а сколько в духе псевдодокументализма, что, наверное, хуже чем юмористический стиль Ховарда. Вот уже со всем сравнил этот фильм, но это ничего не меняет в моём его восприятии - фильм очень плоский. Про глубинные помыслы этого фильма промолчу - они идентичны любым другим продюсерским каверзам в схожих по посылу фильмах. 6 из 10', Оценка =NEUTRAL
Автор ='Ann-Mary', Название ='', Рецензия ='Я очень давно хотела посмотреть это кино, и наконец-то сделала это. Фильм действительно потрясающий, игра актёров завораживающая, действительно, играют как живут... Но я во время просмотра не могла отделаться от сравнения с Зелёной милей. Не хочу обидеть поклонников этого фильма, но, несмотря на то, что Зелёная миля идёт 3 часа, а Побег из Шоушенка 2 с небольшим, фильм показался мне немножечко затянутым, атмосфера мрачной, унылой, а надзиратели в тюрьме чересчур жестокими... Главная идея фильма -это цена свободы. И я это поняла. Каждый готов заплатить за неё свою цену, а кто-то платить не хочет. Кто-то, выйдя на свободу, как библиотекарь, например, не может приспособиться к жизни на воле, а некоторые находят в себе силы начать всё заново, найти работу, обрести друзей, переписать всё с чистого листа... У кого-то сознание меняется, у кого-то - нет... Всё-таки я бы поставила Зелёную милю на первое место, поскольку это кино более глубокое и меня пробрало больше.', Оценка =NEUTRAL
Автор ='Kraftstoff', Название ='Надежда — опасная штука. Надежда может свести человека с ума (c) Побег из Шоушенка', Рецензия ='Про этот фильм я слышал много всего. Мне говорили, что 'фильм-шедевр', 'самый сильный фильм последних 20 лет' и даже 'лучший фильм всех времен и народов'. Наслушавшись и насмотревшись положительных мнений, я, естественно, возлагал на этот фильм огромные надежды. Посмотрев этот фильм я разочаровался, потому что ожидаемого шедевра я, к сожалению, не увидел, а увидел просто неплохой фильм, расчитанный на один просмотр. Теперь обо всем по порядку: Сюжет, конечно, неплохой, но оригинальным я его не назову. Энди Дюфрейна осудили за убийство жены и ее любовника и дали пожизненное. Его направляют в одну из самых мрачных тюрем Новой Англии- Шоушенк. Там его 'радужно' принимают - злой начальник тюрьмы, попытка анальной кары, избиения и прочая тюремная романтика в наличии... Актеры сыграли отлично. Тим Роббинс(Энди Дюфрейн) отлично сыграл своего героя и безусловно, это лучшая роль в его карьере. Морган Фриман(Рэд) тоже достаточно хорошо сыграл. Но мне больше всего понравились Боб Гантон(директор тюрьмы Сэмюэл Нортон) и Клэнси Браун(капитан Байрон Хедли), которые образцово сыграли двух 'козлов'( извините, но по другому не скажешь). Еще могу выделить неплохой саундтрек Томаса Ньюмана и качественную операторскую работу Роджера Дикинса. В итоге 'Побег из Шоушенка'- это образцовая тюремная драма с неплохим сюжетом и отличной актерской игрой, но фильм излишне затянут и смотрится очень скучно, поэтому я не могу назвать его шедевром. 5 из 10', Оценка =NEUTRAL
Автор ='bone23roar', Название ='Как 'Побег из Шоушенка' заставил меня написать рецензию', Рецензия ='1-ое место тут, 1-ое место там. Я уже смотрел когда-то давно этот фильм, и поставил ему 7 баллов. И когда сегодня случайно мама сказала, что по рен-тв скоро начнется 'Побег из Шоушенка', я подумал: 'А почему бы и нет? Скорее всего тогда давно я просто не понял этот фильм. Ну не зря же у него первое место!' И вот я посмотрел, и мое недоумение только повысилось, в отличие от оценки. Да, неплохой фильм. Но что в нем культового? Сюжет? Да вроде нет. Никаких резких поворот, никаких интриг. Все что шло на экране было размерено, и даже немного нудно. Примерно на середине фильма я вообще поймал себя на мысли, что мне скучно. Игра актеров? Вообще ничего сверхъестественного. Без ляпов, но и без сумасшедшего таланта. Морган Фримен не спорю - он украшение любого фильма. Саундтрек? Тоже средний. Не создавал атмосферу, но и не выливался из него. Атмосфера фильма? Не было ни напряженности, ни мрачности, ни безысходности, ни безумия. Не было ничего такого, что заставило бы погрузиться в фильм. Тюрьма вообще как детский сад показана. И персонажи такие же. Кто-то сильно плохой, кто-то сильно хороший. Я прочитал рецензии в попытках найти изюминку в этом фильме. Многие в голос твердят, что это фильм о Надежде. Тут я вообще в смятении. Любой человек, несправедливо попавший в тюрьму, будет надеяться выйти! Может этот фильм о целеустремленности и о том, что ГГ не смирился с судьбой? Любой УМНЫЙ человек, несправедливо попавший в тюрьму, будет искать способы изменить свое положение. Но это кино-сказка. Такой человек сбежал. В одиночку. 20 лет никто его не палил. Потом свалил из страны. Провернул финансовую аферу в это время. Извините меня, но реальная жизнь - это не сказка. Его давно бы загребли. В общем, я в диком недоумении. Как достаточно посредственный фильм, может занимать 1-ое место? 7 из 10 П. С.: Единственное в чем для меня выделился этот фильм. Это в том, что он заставил меня написать рецензию. Да и то не сам фильм, а его положение в рейтинге...', Оценка =NEUTRAL
Автор ='trifath', Название ='чёрт-подери а ведь фильм то отличный !', Рецензия ='А всегда ненавидел фильмы про тюрьму, наверно это из-за наших сериалов по нтв, по ртр, по первому каналу. Да и сам я к тюремной тематике питаю некую неприязнь. Но к сожалению первый фильм в списке 250-ти лучших фильмов оказался 'Побег из шоушенка' . Начало фильма мало обещающие и уже думаешь, что весь фильм будет таким же. Сцена у дома, суд, приговор, первый день - всё как обычно. После сцены на крыше фильм немножко затягивает. Кстати, задумка со сменой эпох и смены женщин на плакатах довольно интересна. 10 из 10', Оценка =NEUTRAL
Автор ='nokia6500', Название ='Ни одной отрицательной рецензии', Рецензия ='Фильм хороший, согласен, и поймите меня правильно я не буду описывать минусы этого фильма... Хочу сказать одно: 'Незаслуженное первое место', я серьезно, можете смеяться, можете говорить что лучше фильма не будет, но... такой фильм уже есть, 'Форрест Гамп'. Как говорилось в одной из рецензий: 'Фильм врезается в память', так вот совсем наоборот, фильм просто напросто вылетел из головы при том, что я его пересматривал 3 раза за свои 20... Это даже не рецензия к фильму, далеко не она, я просто хочу сказать, что 'Форрест Гамп' вот что врезается в память! 8 из 10', Оценка =NEUTRAL
Автор ='Ledy Esmeralda', Название ='', Рецензия ='Решилась на просмотр данного фильма по той причине, что его название постоянно мелькает в одном ряду с 'Зеленой милей' - одним из моих любимых фильмов. Что тут скажешь... Может, все дело в хеппи-энде... Меня не пробрало. Это притом, что режиссерская работа, игра, постановка- все это на высшем уровне. Но... Затянуто. Очень остро реагирую на затянутость. Причем это не всегда определяется временем, в течении которого идет фильм - скорее динамичностью развития событий. Идея фильма тоже осталась для меня загадкой. Сначала говорится о том, что после тюрьмы люди уже не могут жить нормально, они хотят вернуться и т.д. Финал эту мысль перечеркивает. В чем мораль? Есть, впрочем, и плюсы. Понравилась форма повествования - от лица друга главного героя. Эффектные эпизоды - их было немало. Короче, этот фильм надо воспринимать как обычную историю, зарисовку на тюремную тему, но не искать в нем особенной философии. Но ставить его в один ряд с той же 'Зеленой милей', по-моему, неправильно.', Оценка =NEUTRAL
Автор ='zeppsaw', Название ='', Рецензия ='Произведения Кинга вообще очень опасно ставить, потому как они всегда очень эмоциональны, а в кино, игрой актеров, передать это очень сложно. Лично мне роман не понравился, а в фильме не устраивает только главный герой. Слишком сухо и как будто с маской сыграл Тим Роббинс. Это не его роль. Но и не его вина. Дело в подборе актеров. В той компании, в которой он играет, лучше бы подошел Том Хенкс. Ну, не то что бы подошел, но смотрелся бы определенно лучше. Если говорить о самом фильме более подробно, то там есть некоторые несовпадения с книгой, однако, это сделало его лучше. В общем, фильм получился достаточно хороший, но не слишком. 6 из 10', Оценка =NEUTRAL
Автор ='Badmozg', Название ='', Рецензия ='Признаться, фильм не произвел на меня большого впечатления. Хотя Морган Фриман, безусловно, его украсил. Это просто описательный рассказ о жизни заключенных осужденных на пожизненное лишение свободы. Фильм о свободе и о том, что никогда нельзя терять надежду. Конечно же, такие фильмы нужны людям. Но Даная история прозрачна и ее основной смысл понятен почти сразу. Прибавить к этому затянутость и нудность повествования… Фильм хороший, но не более того 7 из 10', Оценка =NEUTRAL
Автор ='Mr.Monster', Название ='Сильно, но не реально.', Рецензия ='А я бы не назвал этот фильм шедевром, даже не смотяр на то, что в данный момент он занимает первое место в Топ250 и даже не смотря на то, идея фильма сильна. Да, фильм мне понравился, особенно первое время после просмотра, я долгое время был под приятным впечатлением. Но чем дальше от просмотра, тем больше приходит понимание насколько все наивно и нереально снято. Про персонажей Тима Роббинса и Моргана Фримана не скажу ничего отрицательного, но вот с остальными произошла какая то карикатуризация. Первое место по уровню картонности персонажа занимает начальник тюрьмы. Особенно мне не понравилась сцена обнаружения побега. Если в американских тюрьрмах действительно такие начальники, то побеги из подобных крепостей совершались бы ежедневно. Просто по фильму, Шоушенк представляется как тюрьма для мелких хулиганов, все в ней так просто и доступно. Второе место достается начальнику охраны. Такой знаете ли, человек, без своего лица. Уильям Сэдлер пытался изобразить харизму своего персонажа, но это то и видно, что пытался. Третье место, за парнем, который хотел дать показания в пользу Дюфрейна и четвертое на рвных правах за многими другими. Еще очень удивительно, как плакат Риты Хэйворт не иссох и не разавалился за столько лет. По крайней мере он бы точно потрескался или облезла краска. И каким же нужно быть невероятной силы Гераклом, чтобы пробить железную трубу. Я считаю, что главное в фильме - реалистичность. В том плане, что при наборе каких то условий, пусть то деже будет невероятная фантастика, должна соблюдаться реалистичность происходящего. Ведь логику никто не отменял. Так же хочется высказать претнзии к нашим прокатчикам, как обычно подпортиыших фильм переводом и!!! переводом названия. 'Побег ' по-английски 'Escape', но уж никак не 'Redemption', который больше подходит сюда, как 'Искупление' или 'Спасение'. Просто интерес к фильму уже становится меньше, стоит только лишь узнать его название. Неправльно это. Но...несмотря на перечисленые моменты, фильм все же понравился. Во первых идейным содержанием. То, что никогда не надо падать духом, как бы плохо тебе не было. Никогда не надо забывать друзей и они о тебе не забудут. У Тима Роббинса очень хорошо получилось создать образ заурядного банкира, оказавшегося в казалось бы безвыходной ситуации. Но, как известно в тихом омуте черти водятся и Энди Дюфрейн развернул эту поговорку по полной. И если бы еще не говорящее о финале название, то эффект был бы еще на порядок выше. Был бы рад поставить фильму высшую оценку, но за вычетом этих недочетов 'Побег' на шедевр по моим субъективным взглядам очень не дотягивает. Шедевром для меня является, например 'Однажды в Америке' - вот это действительно высший пилотаж по всем направлениям. И даже снятая тем же Дарабонтом и по рассказу того же Стивена Кинга 'Зеленая миля' по уровню драматичности и реалистичности меня пробрала на порядок больше, чем 'Побег'. И если бы не сильная идейная составляющая, то фильм бы попал в категорию 'посмотрел и забыл'. Поэтому оценка фильму 6,5 из 10', Оценка =NEUTRAL
